#include<imagenes.h>

//https://javl.github.io/image2cpp/

const uint8_t imagen_1[] = {// 'Sin título', 400x240px
0x26, 0xff, 0x7f, 0xff, 0xff, 0xe7, 0x30, 0x2f, 0xff, 0xff, 0xff, 0xff, 0xff, 0xff, 0xf7, 0xff, 
0x77, 0xb3, 0x9d, 0x8d, 0xde, 0x67, 0x37, 0x3f, 0x9b, 0x6c, 0xd9, 0x1b, 0x3f, 0x7a, 0xcc, 0x80, 
0x01, 0x25, 0x3f, 0xff, 0xf7, 0xff, 0xff, 0xf9, 0x3e, 0xfe, 0xdb, 0x6e, 0xc0, 0x00, 0x92, 0xcc, 
0x92, 0x40, 0x83, 0x31, 0xce, 0x76, 0xfb, 0x63, 0x00, 0x6d, 0x67, 0x6d, 0xda, 0xff, 0xff, 0xfb, 
0x3d, 0x37, 0x6d, 0xec, 0xe6, 0xc6, 0xd9, 0xb3, 0x33, 0x6d, 0xcd, 0x9a, 0x67, 0x1b, 0x79, 0xca, 
0x96, 0x20, 0xc9, 0x8a, 0x7f, 0x7f, 0x7d, 0xb7, 0xec, 0xa4, 0xb3, 0x96, 0xd9, 0x6a, 0x80, 0x06, 
0x6c, 0xb3, 0x6d, 0x60, 0x11, 0xc8, 0x27, 0x99, 0xbf, 0xfb, 0x96, 0x37, 0xb7, 0x6e, 0xf6, 0xdb, 
0x6f, 0x6e, 0xed, 0xd9, 0xee, 0x6d, 0x3b, 0x26, 0x6f, 0x33, 0x3b, 0x37, 0x65, 0xb3, 0x34, 0x9d, 
0x3e, 0x6c, 0xc4, 0x49, 0x26, 0x26, 0xcf, 0xff, 0x1b, 0x6d, 0xad, 0xa6, 0xde, 0x76, 0xa6, 0x9b, 
0x00, 0x11, 0x25, 0x24, 0x49, 0x22, 0x44, 0x63, 0x13, 0xf7, 0xed, 0xb3, 0x30, 0x96, 0xd9, 0xfe, 
0xb7, 0xf7, 0xff, 0xfe, 0xf3, 0xdf, 0xbb, 0x93, 0x9b, 0x6d, 0xbd, 0xd9, 0xb3, 0x3d, 0xbb, 0x34, 
0xdb, 0x8f, 0x2d, 0xb5, 0x99, 0x06, 0x30, 0x88, 0x86, 0xd4, 0xca, 0xed, 0xb3, 0x62, 0x6c, 0xf6, 
0xec, 0xd5, 0xc1, 0x11, 0x93, 0x6d, 0x9a, 0x80, 0x00, 0xd8, 0xdc, 0xdc, 0xff, 0x67, 0x40, 0x19, 
0xdf, 0xdc, 0xed, 0x7e, 0xdb, 0x9b, 0x5e, 0x66, 0xf9, 0x9a, 0xd6, 0xc6, 0xcd, 0xb3, 0x36, 0xed, 
0x9b, 0xb6, 0xcb, 0x1b, 0x63, 0x36, 0x60, 0x10, 0xd2, 0x53, 0xcd, 0xdf, 0xec, 0xb6, 0xfb, 0x33, 
0xbb, 0x37, 0x7b, 0x64, 0x81, 0x8c, 0xd8, 0xc9, 0x32, 0xc9, 0x22, 0x12, 0x27, 0xb3, 0xb7, 0x67, 
0xd9, 0x7f, 0xf3, 0x6d, 0x8d, 0xdf, 0xef, 0xfb, 0x77, 0xfb, 0x4c, 0xea, 0x64, 0x93, 0x5b, 0xb7, 
0x33, 0x3f, 0x6d, 0xa6, 0x5b, 0x37, 0x33, 0x49, 0x82, 0x69, 0x00, 0x57, 0x7d, 0x62, 0x25, 0x1a, 
0xcc, 0xcc, 0xb7, 0xfb, 0x7b, 0xbe, 0x92, 0x62, 0x26, 0x53, 0x66, 0x60, 0x08, 0xc1, 0x8d, 0xac, 
0xfd, 0xa4, 0x91, 0x6d, 0xf9, 0xfd, 0xde, 0xdd, 0x37, 0x76, 0xf5, 0xb3, 0xe6, 0xc9, 0x9b, 0x67, 
0x5b, 0x33, 0x9b, 0x33, 0xb5, 0x36, 0x59, 0x9d, 0x9f, 0xec, 0x12, 0x2b, 0x4d, 0x1c, 0xf7, 0x28, 
0x10, 0x41, 0x04, 0xc9, 0xed, 0xdb, 0xdc, 0xdb, 0x42, 0x4a, 0xa5, 0x99, 0x19, 0x22, 0x40, 0xe4, 
0x72, 0x64, 0xdf, 0xbb, 0x20, 0x37, 0x9c, 0xbe, 0x7f, 0x7d, 0xdf, 0xdd, 0x9f, 0xb6, 0xb6, 0x76, 
0xdb, 0x4d, 0xb7, 0xd9, 0xb3, 0x3e, 0x9b, 0xb2, 0xcb, 0x9d, 0x3c, 0xb6, 0x44, 0xc6, 0x51, 0xdf, 
0xb6, 0x89, 0x02, 0x14, 0x20, 0x32, 0x56, 0xff, 0xf7, 0xc9, 0x8c, 0x92, 0x59, 0x66, 0xcd, 0x80, 
0x12, 0x6c, 0xd6, 0x57, 0x76, 0xe3, 0x08, 0xb7, 0xce, 0xfe, 0x3b, 0x6d, 0xdb, 0xb7, 0x78, 0xee, 
0xd9, 0x96, 0x66, 0xcc, 0xcc, 0xcc, 0x29, 0x9f, 0x2b, 0x9a, 0x5b, 0x37, 0x6d, 0x90, 0x11, 0x11, 
0x84, 0x7d, 0xec, 0xc0, 0x48, 0x80, 0x89, 0x0d, 0x9b, 0xef, 0xff, 0x7c, 0x85, 0x31, 0x4a, 0x52, 
0x64, 0xc4, 0x80, 0x6a, 0x4c, 0x91, 0xfb, 0xe6, 0x22, 0x6e, 0x22, 0x4d, 0xb7, 0x9a, 0x6d, 0xec, 
0xef, 0x6b, 0x4f, 0xf1, 0x10, 0x00, 0x20, 0x07, 0xcc, 0xed, 0xa8, 0xd6, 0x59, 0x9b, 0x1b, 0x41, 
0x45, 0x3a, 0x2d, 0xb6, 0x6c, 0x10, 0x00, 0x22, 0x00, 0x41, 0xbb, 0xbf, 0xff, 0xb6, 0x41, 0x0d, 
0x2a, 0xd9, 0x32, 0x60, 0x24, 0x4a, 0x71, 0xa8, 0xdb, 0x23, 0x22, 0x6e, 0x36, 0xdf, 0x74, 0xdb, 
0xb7, 0x6f, 0xb7, 0x39, 0x64, 0x00, 0x00, 0x00, 0x80, 0x00, 0xd6, 0x6f, 0x96, 0x75, 0xac, 0x9a, 
0xdb, 0x48, 0x64, 0xce, 0x53, 0xff, 0xda, 0x01, 0x22, 0x08, 0x49, 0x12, 0x6e, 0xff, 0xff, 0xeb, 
0x22, 0xc4, 0xa5, 0x8d, 0x9b, 0x22, 0x80, 0x60, 0xb6, 0x6c, 0xff, 0xe6, 0x08, 0xfe, 0xdc, 0x9e, 
0x7e, 0x65, 0xb7, 0xfb, 0x76, 0xdd, 0x20, 0x00, 0x00, 0x00, 0x00, 0x30, 0x73, 0x7f, 0x53, 0x4d, 
0x26, 0x96, 0x4e, 0x89, 0x9b, 0x65, 0x9a, 0xdb, 0x91, 0x00, 0x08, 0x81, 0x08, 0x0a, 0x66, 0xff, 
0xff, 0xf9, 0x88, 0x32, 0x94, 0x64, 0xc9, 0x80, 0xe2, 0x60, 0x88, 0x42, 0x25, 0x8c, 0x89, 0x9e, 
0x4b, 0x26, 0xeb, 0x2d, 0xdd, 0xbf, 0x7e, 0xe0, 0x00, 0x00, 0x00, 0x00, 0x0b, 0x9f, 0x2d, 0x9b, 
0x4b, 0x69, 0x52, 0x5d, 0xb0, 0xa6, 0x33, 0x71, 0x2f, 0xfc, 0xe1, 0x08, 0x00, 0x24, 0x22, 0x61, 
0x9f, 0xff, 0xff, 0xfe, 0x04, 0x18, 0xd3, 0x72, 0x64, 0xc9, 0x24, 0x9a, 0x49, 0x10, 0x00, 0x2e, 
0x65, 0xb7, 0x3b, 0x4d, 0xe9, 0xba, 0x7f, 0xf5, 0xcd, 0xa0, 0x00, 0x00, 0x00, 0x00, 0x22, 0x83, 
0x2c, 0xef, 0xac, 0xab, 0x59, 0x19, 0x02, 0x10, 0xce, 0xde, 0xed, 0xef, 0x20, 0x00, 0x84, 0x08, 
0x80, 0x04, 0x37, 0x7f, 0xff, 0xf7, 0x93, 0x09, 0x29, 0x1b, 0x36, 0x60, 0x99, 0x00, 0x44, 0x84, 
0x92, 0x03, 0x13, 0xff, 0xa7, 0x7f, 0x7d, 0xdf, 0xe6, 0xdd, 0xfb, 0x00, 0x00, 0x4d, 0xf6, 0xc0, 
0x8c, 0xc0, 0x53, 0x6d, 0xa4, 0xb6, 0x4c, 0x80, 0x00, 0x53, 0xd9, 0x8a, 0xdf, 0xe9, 0x84, 0x00, 
0x21, 0x02, 0x14, 0x91, 0x25, 0xff, 0xff, 0xff, 0xc0, 0x4b, 0x2c, 0xc9, 0x93, 0x04, 0x80, 0x04, 
0x30, 0xa6, 0xdd, 0xd0, 0x53, 0x6e, 0xdd, 0xb7, 0xd7, 0x77, 0xff, 0xfe, 0xb6, 0x04, 0xff, 0xff, 
0xff, 0xfe, 0x09, 0x46, 0xd6, 0x67, 0x9b, 0x95, 0xb6, 0x80, 0x33, 0x2e, 0x77, 0x73, 0x36, 0xde, 
0x10, 0x02, 0x08, 0x50, 0x41, 0x04, 0x4b, 0xb7, 0xff, 0xfe, 0xf8, 0x84, 0x92, 0xcc, 0xc9, 0x60, 
0x00, 0x91, 0x86, 0x33, 0x45, 0xfd, 0x37, 0xbb, 0x76, 0xde, 0xff, 0xdd, 0xb6, 0xce, 0xec, 0x7f, 
0x9f, 0xbf, 0xbf, 0xff, 0x8c, 0x22, 0xe6, 0xbe, 0xda, 0x6d, 0x32, 0x0d, 0xcc, 0x6b, 0x36, 0xdd, 
0xff, 0x72, 0x40, 0x10, 0x02, 0x04, 0x08, 0x40, 0x4a, 0xdf, 0xff, 0xff, 0xb2, 0x24, 0xd3, 0x32, 
0x6c, 0x82, 0x12, 0x24, 0xb3, 0x59, 0x22, 0x7f, 0x8d, 0xfe, 0x5b, 0xdf, 0xea, 0xff, 0xf7, 0xbb, 
0xdd, 0xd3, 0x66, 0xf7, 0xff, 0xdc, 0x86, 0xb9, 0xb9, 0xb7, 0xc5, 0xa9, 0x48, 0x6d, 0xc9, 0x1b, 
0xec, 0xd7, 0xdf, 0x98, 0x00, 0x00, 0x20, 0x81, 0x88, 0x19, 0x12, 0x6f, 0xff, 0xff, 0xfc, 0x61, 
0x2c, 0x96, 0x26, 0xb0, 0xd9, 0x9a, 0x49, 0x64, 0x09, 0xb7, 0xe7, 0x77, 0xdb, 0x67, 0xfb, 0xb6, 
0xdd, 0xfd, 0x77, 0xb4, 0xfd, 0xff, 0xf7, 0xf7, 0x97, 0x5d, 0xbb, 0x6d, 0xdc, 0x9b, 0x61, 0x22, 
0x63, 0xec, 0xdb, 0x76, 0xfc, 0xe4, 0x00, 0x00, 0x84, 0x28, 0x23, 0x21, 0x11, 0xbb, 0xff, 0xff, 
0xdd, 0x19, 0x24, 0xcd, 0x92, 0x40, 0xef, 0xfb, 0x6c, 0xa0, 0xc9, 0xb7, 0xfb, 0xde, 0x6e, 0xfd, 
0x9f, 0xdf, 0xb7, 0x67, 0x6a, 0xcc, 0x9f, 0xfd, 0xbc, 0xb6, 0x87, 0x4c, 0xec, 0xcf, 0x66, 0xd2, 
0x40, 0x1b, 0x26, 0x6d, 0xb3, 0x9f, 0xf6, 0x40, 0x00, 0x02, 0x11, 0x02, 0x20, 0x04, 0x44, 0x9b, 
0xff, 0xff, 0xf6, 0x96, 0x53, 0x23, 0x59, 0x52, 0xfe, 0xcf, 0xb2, 0x32, 0x04, 0xc1, 0xf8, 0xff, 
0x36, 0x9f, 0xe6, 0xfb, 0xf6, 0xfe, 0xee, 0x40, 0x40, 0x00, 0x8b, 0x2b, 0x91, 0xbf, 0xb6, 0xb3, 
0xcb, 0x6c, 0x8c, 0x40, 0x19, 0xb7, 0x2c, 0xff, 0xd3, 0x10, 0x00, 0x00, 0x00, 0x48, 0x89, 0x90, 
0x84, 0x66, 0xff, 0xff, 0xfe, 0x91, 0x99, 0x38, 0xcd, 0x90, 0xb7, 0xf7, 0xb9, 0x32, 0x10, 0x48, 
0x7e, 0xfd, 0x9b, 0xf6, 0xfd, 0xbe, 0xff, 0xbb, 0xb5, 0x00, 0x04, 0x9a, 0xeb, 0x69, 0x81, 0xe6, 
0xdb, 0x26, 0xed, 0x20, 0x13, 0x00, 0x4d, 0xd4, 0xef, 0xff, 0x0d, 0x82, 0x00, 0x40, 0x44, 0x09, 
0x08, 0x22, 0x31, 0x26, 0xdf, 0xff, 0xfb, 0x49, 0x25, 0xce, 0x32, 0x60, 0xdd, 0xfd, 0xe4, 0x99, 
0x93, 0x73, 0x3d, 0x37, 0x7b, 0x7f, 0x9b, 0xef, 0xb7, 0xbb, 0xa4, 0x80, 0x12, 0x42, 0x34, 0xdd, 
0x91, 0xfb, 0x6f, 0x38, 0xe4, 0x00, 0x00, 0x01, 0x66, 0x7b, 0xb3, 0xb8, 0x6c, 0x20, 0x21, 0x04, 
0x11, 0x21, 0x22, 0x49, 0x00, 0x19, 0xbf, 0xff, 0xff, 0xca, 0x66, 0x46, 0xca, 0x48, 0xdf, 0x77, 
0xd6, 0x48, 0x26, 0x74, 0x9c, 0xfe, 0x66, 0x6f, 0xee, 0xfb, 0xdd, 0xde, 0xda, 0x00, 0x12, 0x6d, 
0xd7, 0xd6, 0x44, 0x1d, 0xe5, 0xbe, 0x70, 0x00, 0x00, 0x89, 0x37, 0xab, 0x3e, 0xe1, 0xfa, 0x00, 
0x00, 0x01, 0x02, 0x44, 0x44, 0x44, 0x4a, 0x45, 0x3f, 0xff, 0xfe, 0xe6, 0x99, 0x31, 0x9b, 0x30, 
0xa7, 0xfb, 0xf4, 0xdc, 0x8d, 0x99, 0x1e, 0x4f, 0x9d, 0xbc, 0xef, 0xde, 0xff, 0x76, 0xd9, 0x00, 
0x0d, 0xbf, 0xfb, 0x60, 0x00, 0x07, 0xbf, 0x9f, 0x40, 0x00, 0x12, 0x22, 0xcd, 0x8c, 0xed, 0x8f, 
0xf2, 0x40, 0x84, 0x10, 0x48, 0x12, 0x51, 0x10, 0x88, 0x92, 0x67, 0xff, 0xff, 0xb1, 0x93, 0x6c, 
0x64, 0x90, 0xb9, 0xbb, 0xfc, 0x9d, 0x93, 0xed, 0xe7, 0x6e, 0xf3, 0xb7, 0xbf, 0xf7, 0xb7, 0xfb, 
0x95, 0x00, 0x69, 0xb2, 0x00, 0x00, 0x00, 0x00, 0x3a, 0xde, 0x60, 0x83, 0x00, 0x06, 0x5a, 0x77, 
0xfd, 0x3f, 0x91, 0x04, 0x00, 0x44, 0x04, 0x88, 0x84, 0x92, 0x21, 0x09, 0x9f, 0xff, 0xff, 0xf4, 
0xcc, 0x8b, 0x24, 0xc8, 0xd9, 0xee, 0xfb, 0x67, 0x06, 0xf4, 0x23, 0xb6, 0x5a, 0xff, 0xbd, 0xbd, 
0xfd, 0xdf, 0x84, 0xc0, 0x00, 0x00, 0x00, 0x00, 0x6c, 0x00, 0x03, 0xf3, 0xe2, 0x0f, 0xc4, 0x91, 
0x36, 0xdb, 0xd3, 0x7e, 0xec, 0x00, 0x12, 0x01, 0xa1, 0x22, 0x24, 0x24, 0x92, 0x44, 0x9b, 0xf7, 
0xfe, 0xfb, 0x24, 0xe2, 0xb3, 0x22, 0x5c, 0xfe, 0xee, 0x7d, 0xc9, 0x9e, 0x2b, 0x9b, 0x5b, 0x4e, 
0xf7, 0xff, 0xdf, 0x77, 0x00, 0x00, 0x00, 0x00, 0x09, 0x09, 0x87, 0x80, 0x00, 0x63, 0x60, 0x59, 
0xc0, 0x1b, 0x66, 0xdb, 0x77, 0xfb, 0x20, 0x10, 0x80, 0x90, 0x29, 0x24, 0x91, 0x24, 0x92, 0x30, 
0x66, 0xff, 0xff, 0xdb, 0x33, 0x34, 0x99, 0x30, 0xd6, 0xdf, 0xf6, 0x9f, 0xcb, 0xdb, 0xcc, 0xdd, 
0xb3, 0x7b, 0xfe, 0xdb, 0xf7, 0xfc, 0x00, 0x01, 0x26, 0x6d, 0xa4, 0x4b, 0x06, 0xb2, 0x80, 0x01, 
0xb1, 0x1a, 0x72, 0x49, 0x5b, 0x3d, 0x6f, 0xee, 0x40, 0x42, 0x24, 0x04, 0x04, 0x89, 0x12, 0x49, 
0x08, 0x83, 0x13, 0xfb, 0xff, 0xfc, 0xca, 0x4d, 0x4c, 0xc8, 0xf6, 0xf6, 0xfc, 0xfa, 0x72, 0xcc, 
0x53, 0xe6, 0x99, 0xbf, 0x3b, 0xff, 0xfe, 0xde, 0x84, 0xd8, 0x93, 0x00, 0x21, 0x77, 0x5b, 0x88, 
0xb4, 0x84, 0xd0, 0x2c, 0xb0, 0x8d, 0x3b, 0xed, 0xde, 0xf9, 0x84, 0x00, 0x01, 0x22, 0xc4, 0x49, 
0x48, 0x92, 0x62, 0x28, 0x99, 0x7f, 0xff, 0xef, 0x4c, 0xc9, 0x66, 0x18, 0xb9, 0x3f, 0x7f, 0xcf, 
0x26, 0xef, 0x32, 0xcf, 0x48, 0xf7, 0xef, 0xbe, 0xdb, 0xf3, 0xf1, 0x06, 0x49, 0x92, 0x4d, 0xb3, 
0x81, 0x02, 0x04, 0x80, 0x3a, 0x25, 0xa4, 0xb2, 0x2c, 0xdb, 0xfb, 0x36, 0x01, 0x10, 0x48, 0x12, 
0x13, 0x24, 0x49, 0x22, 0x12, 0x48, 0x85, 0xf7, 0xff, 0xff, 0x65, 0x32, 0x93, 0x50, 0xcf, 0x6f, 
0x76, 0x7d, 0xad, 0xb3, 0x8c, 0xfd, 0xb7, 0x7e, 0xfd, 0xef, 0xff, 0xfd, 0x6e, 0x60, 0x48, 0x4c, 
0x96, 0xbe, 0x07, 0x00, 0xc2, 0x20, 0x38, 0x9a, 0x69, 0x36, 0xbd, 0xff, 0xed, 0xe4, 0x48, 0x42, 
0x02, 0x44, 0x48, 0x92, 0x24, 0x49, 0x89, 0x12, 0x64, 0xbf, 0xff, 0xff, 0xb3, 0x26, 0x98, 0xc8, 
0xfc, 0xfb, 0xfe, 0xfe, 0xc9, 0x16, 0xc7, 0x67, 0x9f, 0x4f, 0x9f, 0x7f, 0xef, 0xbf, 0x2b, 0xb3, 
0x36, 0xe9, 0xa7, 0xed, 0x93, 0x24, 0x32, 0x24, 0x0c, 0xeb, 0x88, 0x4d, 0x99, 0xef, 0x65, 0xd9, 
0x00, 0x08, 0x90, 0x89, 0x24, 0x92, 0x92, 0x48, 0x64, 0x92, 0x1a, 0xbb, 0xff, 0xf7, 0xc9, 0x99, 
0x66, 0x28, 0xee, 0xbf, 0xbf, 0x6f, 0x12, 0x76, 0xd1, 0x6c, 0x69, 0xbf, 0x67, 0xfb, 0x78, 0x86, 
0x3d, 0xb2, 0x92, 0x92, 0x21, 0xfb, 0x7c, 0x81, 0x08, 0x91, 0x0d, 0x39, 0x81, 0x9b, 0x67, 0xfd, 
0x9b, 0x48, 0x21, 0x00, 0x04, 0x21, 0x24, 0x48, 0xc9, 0x92, 0x12, 0x49, 0x82, 0xdf, 0xff, 0xfd, 
0xec, 0xc9, 0x25, 0xa8, 0xf3, 0x35, 0xb7, 0x7b, 0x6c, 0xbf, 0x2d, 0xe4, 0x6e, 0xd3, 0xfc, 0xef, 
0xda, 0x68, 0x9f, 0xc8, 0xc9, 0x96, 0x90, 0x02, 0x44, 0x59, 0x49, 0x12, 0x24, 0x04, 0x24, 0xc3, 
0x7f, 0xff, 0xb6, 0x62, 0x08, 0x42, 0x41, 0x04, 0x93, 0x24, 0x24, 0x24, 0x92, 0x48, 0x64, 0x6f, 
0xff, 0xff, 0xf6, 0x66, 0x99, 0x28, 0xdd, 0x7f, 0xff, 0xbf, 0x8d, 0xbb, 0xe3, 0xb1, 0x37, 0xf6, 
0xdb, 0xb4, 0xdf, 0x5b, 0xb2, 0x49, 0x3c, 0x53, 0x06, 0x00, 0x91, 0x00, 0x44, 0xc2, 0x24, 0x00, 
0x12, 0x7c, 0xdf, 0xfe, 0x9d, 0x90, 0x80, 0x10, 0x10, 0x48, 0x90, 0x95, 0x92, 0x49, 0x89, 0x26, 
0x19, 0x3f, 0xff, 0xfe, 0xd9, 0x92, 0xca, 0x4c, 0xfd, 0xfb, 0xfd, 0xbd, 0xff, 0x6f, 0x5a, 0xf2, 
0x31, 0xf7, 0xf3, 0xf7, 0x35, 0x96, 0x20, 0x25, 0x86, 0xc9, 0x48, 0x92, 0x00, 0x66, 0x20, 0x08, 
0xb6, 0x40, 0x43, 0x26, 0xf7, 0xd9, 0x6f, 0x44, 0x22, 0x04, 0x84, 0x12, 0x24, 0xc2, 0x49, 0x12, 
0x64, 0x91, 0x83, 0x37, 0xff, 0xff, 0xfb, 0x32, 0x66, 0xd0, 0xb6, 0xfd, 0xcf, 0x6f, 0x7f, 0xff, 
0x64, 0x99, 0x9d, 0xf7, 0x6c, 0x08, 0x24, 0xa4, 0x8d, 0x80, 0xa0, 0x24, 0x10, 0x09, 0x26, 0x11, 
0x89, 0x21, 0x31, 0x32, 0x0d, 0xb3, 0x3f, 0x6f, 0x3a, 0xc1, 0x00, 0x80, 0x21, 0x10, 0x49, 0x28, 
0x49, 0x64, 0x12, 0x52, 0x68, 0xcf, 0xff, 0xff, 0x79, 0x8d, 0x31, 0x18, 0xde, 0xf7, 0x6f, 0x9e, 
0xff, 0xfd, 0xe0, 0x2d, 0xbf, 0xdc, 0x8c, 0xcb, 0x88, 0x68, 0x90, 0x12, 0x23, 0x00, 0x84, 0x41, 
0x08, 0x85, 0x80, 0x04, 0x78, 0x00, 0x92, 0xcd, 0xef, 0x7e, 0xde, 0x90, 0x10, 0x10, 0x08, 0x44, 
0x42, 0x25, 0x24, 0x09, 0x92, 0x4a, 0x12, 0x4d, 0xff, 0xff, 0xec, 0xe5, 0x99, 0x2c, 0xdb, 0xbf, 
0x36, 0xdb, 0xb6, 0xdf, 0xa2, 0x69, 0xff, 0xfe, 0xb3, 0x30, 0xcb, 0x58, 0x22, 0x40, 0x08, 0x48, 
0x41, 0x14, 0x48, 0x93, 0xc8, 0xc4, 0x38, 0x00, 0x26, 0xd9, 0xff, 0xf6, 0xf6, 0x24, 0x04, 0x01, 
0x02, 0x01, 0x12, 0x91, 0x24, 0xca, 0x4c, 0x89, 0x95, 0x37, 0xff, 0xff, 0xbe, 0x52, 0x4c, 0xc4, 
0xff, 0xbd, 0x9f, 0xdf, 0x4b, 0x66, 0xe0, 0xef, 0xff, 0xe7, 0x64, 0x96, 0x66, 0xc1, 0x20, 0x4c, 
0xc8, 0x4b, 0x33, 0x24, 0x82, 0x4b, 0xe2, 0x11, 0x30, 0x09, 0x09, 0x76, 0x7b, 0xf9, 0xb9, 0x81, 
0x20, 0x40, 0x10, 0x91, 0x10, 0x92, 0x49, 0x22, 0x41, 0xb1, 0x25, 0x27, 0xff, 0xff, 0xf3, 0x9a, 
0x66, 0x58, 0xfd, 0xec, 0xe7, 0x4f, 0x68, 0x21, 0x3d, 0xb6, 0xff, 0x87, 0x0c, 0xc2, 0x10, 0x99, 
0x19, 0x22, 0x26, 0x20, 0x88, 0xc2, 0x21, 0x27, 0xe0, 0x01, 0x79, 0x20, 0x5b, 0x7f, 0xbf, 0xcf, 
0x6c, 0x48, 0x02, 0x00, 0x40, 0x04, 0x44, 0x48, 0x92, 0x29, 0x34, 0x0c, 0x62, 0xc9, 0xff, 0xff, 
0x7f, 0xa5, 0x93, 0x26, 0xdb, 0x63, 0x35, 0xef, 0xf7, 0x99, 0x0c, 0x13, 0xbe, 0xd2, 0x19, 0x29, 
0x99, 0x22, 0x4b, 0x22, 0x21, 0x94, 0x48, 0x18, 0x14, 0x17, 0xc9, 0x24, 0x4c, 0x02, 0x4b, 0x09, 
0xdd, 0x35, 0xf6, 0x00, 0x90, 0x01, 0x02, 0x40, 0x09, 0x24, 0x92, 0x89, 0x25, 0x63, 0x18, 0x9b, 
0xff, 0xbf, 0xef, 0x64, 0x98, 0xb0, 0x93, 0x59, 0x9d, 0xc9, 0xdd, 0xf6, 0x42, 0xcf, 0xf8, 0x47, 
0x4c, 0x24, 0xa6, 0x68, 0x48, 0x99, 0x98, 0x45, 0x13, 0x24, 0x90, 0xc6, 0xe1, 0x02, 0x64, 0x08, 
0x2c, 0xf6, 0x66, 0x95, 0x9a, 0x92, 0x01, 0x08, 0x08, 0x12, 0x61, 0x24, 0x48, 0xa4, 0x89, 0x12, 
0x46, 0x36, 0xff, 0xff, 0xfd, 0xda, 0x66, 0x9a, 0x66, 0xcc, 0xe7, 0xf7, 0xff, 0x7d, 0xf2, 0x4f, 
0xff, 0x21, 0x29, 0x92, 0x22, 0x48, 0x04, 0x84, 0x46, 0x21, 0x24, 0x81, 0x02, 0x2f, 0xe4, 0x92, 
0x6c, 0x00, 0xb7, 0xb7, 0x7e, 0xce, 0xf8, 0x80, 0x40, 0x00, 0x00, 0x81, 0x04, 0x49, 0x24, 0x24, 
0x92, 0xcc, 0xd2, 0xc5, 0xfb, 0xff, 0xf7, 0x93, 0x49, 0x26, 0x5a, 0xa6, 0x6d, 0xb6, 0xfb, 0xd9, 
0x2d, 0x7d, 0xef, 0xe1, 0x8f, 0x12, 0xc8, 0x80, 0x03, 0x32, 0x41, 0x88, 0x00, 0x12, 0x49, 0x0d, 
0xe4, 0x21, 0x28, 0x50, 0x9b, 0xec, 0xd9, 0xeb, 0xec, 0x24, 0x04, 0x00, 0x44, 0x24, 0x12, 0x42, 
0x25, 0x12, 0x52, 0x24, 0x18, 0x99, 0xff, 0xef, 0xff, 0xe4, 0x99, 0x64, 0xdb, 0x11, 0x99, 0xc9, 
0xbb, 0xe7, 0xed, 0xb3, 0x60, 0xdc, 0x16, 0xf1, 0xc0, 0x00, 0x00, 0x00, 0x10, 0x26, 0xdf, 0xe4, 
0x24, 0x46, 0x71, 0x08, 0xcc, 0x06, 0x6a, 0x6b, 0x37, 0xbf, 0x69, 0x00, 0x80, 0x40, 0x01, 0x00, 
0xc9, 0x12, 0x91, 0x49, 0x0c, 0x93, 0x66, 0x66, 0xff, 0xff, 0xfe, 0xf9, 0xa6, 0x18, 0xa6, 0xc9, 
0x57, 0x59, 0xee, 0xff, 0xfb, 0xa6, 0x04, 0x12, 0x06, 0xe1, 0x00, 0x03, 0xa0, 0xdd, 0xff, 0xff, 
0xff, 0xfc, 0x91, 0x36, 0xe0, 0x86, 0x54, 0xa1, 0x2f, 0xb3, 0xed, 0xfd, 0xf2, 0x48, 0x10, 0x04, 
0x10, 0x48, 0x21, 0x24, 0x92, 0x49, 0x21, 0x98, 0x85, 0x26, 0xff, 0xff, 0xf7, 0xb2, 0x64, 0x9a, 
0xbd, 0x88, 0xf6, 0xd6, 0x7e, 0x3f, 0xff, 0xbf, 0xff, 0xfb, 0x83, 0x61, 0xc0, 0x20, 0x2f, 0x7f, 
0xef, 0xff, 0xf6, 0xdf, 0xdf, 0x9c, 0xe6, 0x20, 0x64, 0x19, 0xb5, 0xdc, 0xbf, 0xef, 0x9c, 0x02, 
0x01, 0x01, 0x04, 0x06, 0x14, 0x89, 0x24, 0x92, 0x64, 0x64, 0xb1, 0x99, 0xfd, 0xff, 0xfd, 0xec, 
0x99, 0x86, 0xcd, 0xa4, 0xab, 0x33, 0xff, 0xdf, 0xff, 0xff, 0xfb, 0xef, 0x83, 0x70, 0xc2, 0x04, 
0x9b, 0xfb, 0xbe, 0xdb, 0x7f, 0xfb, 0xfb, 0xee, 0x70, 0x49, 0xa9, 0x42, 0x59, 0x6f, 0xb6, 0xfb, 
0xe4, 0x90, 0x20, 0x29, 0x65, 0x91, 0x92, 0x49, 0x24, 0x92, 0x16, 0x06, 0x4c, 0x93, 0x7f, 0xff, 
0xff, 0x7b, 0x26, 0x64, 0xd3, 0x23, 0xab, 0xcd, 0xff, 0xff, 0xef, 0xff, 0xfd, 0xcc, 0x63, 0xd1, 
0x80, 0x43, 0xdf, 0xbf, 0xff, 0xff, 0xdb, 0x6f, 0x6e, 0xfe, 0x76, 0xdb, 0x69, 0x09, 0xde, 0xfb, 
0x7f, 0xfe, 0xe8, 0x04, 0x08, 0x8c, 0x99, 0x20, 0x49, 0x32, 0x49, 0x24, 0x91, 0xb2, 0x4a, 0x64, 
0xff, 0xff, 0xff, 0xda, 0x64, 0x39, 0x36, 0x3b, 0x6c, 0xf7, 0xff, 0xff, 0xff, 0xff, 0xfd, 0xdf, 
0x42, 0xf1, 0xc9, 0x0b, 0x77, 0xee, 0xf7, 0x7d, 0xff, 0xff, 0xff, 0xbd, 0x6d, 0xb6, 0xcc, 0xa1, 
0x37, 0x8d, 0xff, 0xff, 0x99, 0x20, 0x86, 0xd3, 0x9b, 0x6c, 0x49, 0x04, 0x92, 0x49, 0x24, 0x49, 
0xb3, 0x2d, 0xbf, 0xff, 0xfe, 0xed, 0x99, 0x9b, 0x6f, 0xcd, 0xdf, 0x3e, 0xff, 0xff, 0xff, 0xff, 
0xfd, 0xfe, 0x46, 0xb0, 0xc0, 0x81, 0xfd, 0xfb, 0xdd, 0xdf, 0x6d, 0xb6, 0xdb, 0xed, 0x6d, 0xbc, 
0xd8, 0x86, 0xef, 0x3f, 0xde, 0xff, 0x60, 0x02, 0x30, 0x36, 0x66, 0xc9, 0x92, 0x64, 0x92, 0x49, 
0x24, 0x49, 0x0c, 0x92, 0x7e, 0xff, 0xff, 0xbc, 0x92, 0x4a, 0xfb, 0xe5, 0x9b, 0xc9, 0xff, 0xff, 
0xff, 0xff, 0xfe, 0xbb, 0xe1, 0x60, 0xc2, 0x23, 0xbf, 0x7f, 0x7f, 0xf7, 0xff, 0xff, 0xfe, 0xde, 
0xf6, 0xe7, 0xc7, 0x12, 0xed, 0xc6, 0xfb, 0xfd, 0xa4, 0x90, 0x09, 0x8d, 0xbd, 0xba, 0x24, 0x92, 
0x49, 0x24, 0x93, 0x26, 0x60, 0xd3, 0x7f, 0xff, 0xff, 0xf6, 0x66, 0x32, 0xde, 0x3b, 0x7e, 0x77, 
0xef, 0xff, 0xf7, 0xff, 0x92, 0xbb, 0xe0, 0x70, 0x00, 0x09, 0xef, 0xdf, 0xfb, 0xfe, 0xfe, 0xfb, 
0xff, 0xfe, 0xb7, 0x3d, 0x36, 0x4b, 0x7d, 0xff, 0xbf, 0xfe, 0x90, 0x01, 0x8c, 0xc9, 0x97, 0xff, 
0xa5, 0x92, 0x49, 0x24, 0x90, 0x90, 0x9b, 0x2d, 0xbf, 0xff, 0xff, 0xde, 0x4d, 0x9c, 0xf7, 0xff, 
0xef, 0xb7, 0xef, 0xff, 0xff, 0xb0, 0xdd, 0x76, 0xe0, 0x30, 0x04, 0x01, 0xfe, 0xf7, 0xef, 0xbf, 
0xef, 0xdf, 0xdd, 0xbb, 0x39, 0xcd, 0xe8, 0xcb, 0x77, 0x2d, 0xed, 0xfb, 0x42, 0x48, 0x62, 0x66, 
0x6e, 0xd7, 0xb0, 0x49, 0x24, 0x92, 0x4c, 0x95, 0x89, 0x24, 0xff, 0xff, 0xff, 0xfb, 0x31, 0x13, 
0xff, 0xdf, 0xbf, 0xdd, 0xb3, 0xff, 0xec, 0x9f, 0x7f, 0xd7, 0xf0, 0x02, 0x40, 0x24, 0xdb, 0xfd, 
0xbf, 0xed, 0xfb, 0xf7, 0x7f, 0xfc, 0xee, 0x73, 0xcd, 0x0d, 0xdf, 0xbf, 0x7f, 0xff, 0x48, 0x02, 
0x12, 0x32, 0x6b, 0xf6, 0xdb, 0x24, 0x92, 0x49, 0x22, 0x44, 0x64, 0xd2, 0x7f, 0xff, 0xff, 0xfd, 
0x99, 0x6a, 0xff, 0xfe, 0xff, 0xfe, 0x7e, 0xf6, 0x6b, 0xed, 0x82, 0xdd, 0xf2, 0x00, 0x02, 0x91, 
0xff, 0xdf, 0xf4, 0xdb, 0x9e, 0xfd, 0xff, 0xde, 0x60, 0x1e, 0x7a, 0x35, 0xfe, 0xdb, 0xdb, 0xfc, 
0x81, 0x21, 0x84, 0x89, 0x92, 0x6f, 0xec, 0xa4, 0x92, 0x49, 0x22, 0x49, 0x16, 0x5b, 0x3f, 0xff, 
0xff, 0xf6, 0xcc, 0x8c, 0xff, 0xbf, 0xff, 0xf3, 0x4d, 0xb3, 0x32, 0x64, 0xf9, 0x3f, 0xf8, 0x94, 
0xba, 0xd9, 0x6d, 0xfb, 0x5f, 0xfe, 0xff, 0xff, 0xff, 0xfe, 0x41, 0x0f, 0x32, 0x87, 0xbb, 0xde, 
0xef, 0xf6, 0x24, 0x08, 0x20, 0x08, 0x34, 0xb9, 0xb6, 0x49, 0x24, 0x92, 0x49, 0x24, 0xc1, 0x24, 
0xff, 0xff, 0xff, 0xfe, 0x26, 0xb5, 0xf7, 0xed, 0xfe, 0xff, 0xed, 0x99, 0x9d, 0x9b, 0x2d, 0xb3, 
0xf9, 0xdb, 0x92, 0x05, 0xff, 0xff, 0xff, 0xff, 0xfb, 0xb6, 0xcf, 0xfe, 0xc8, 0x4b, 0xdc, 0x9b, 
0xff, 0xbf, 0xbf, 0xfb, 0x00, 0x88, 0x29, 0x26, 0x85, 0x9b, 0xdb, 0x59, 0x24, 0x92, 0x49, 0x24, 
0x39, 0x94, 0xdf, 0xff, 0xff, 0xff, 0x92, 0x26, 0x4b, 0xff, 0xef, 0x6c, 0xb7, 0x6d, 0xcd, 0xbb, 
0x66, 0xdf, 0xb9, 0x00, 0x00, 0x20, 0xdf, 0xff, 0xb0, 0x7f, 0xe0, 0x00, 0x01, 0xf6, 0xa6, 0x4e, 
0xd9, 0x37, 0xff, 0xe9, 0xdf, 0xec, 0xc8, 0x23, 0x00, 0x41, 0x99, 0x4e, 0x7b, 0x24, 0x92, 0x49, 
0x24, 0x93, 0x06, 0x53, 0x3f, 0xff, 0xff, 0xff, 0x59, 0x99, 0xff, 0xff, 0x7f, 0x7b, 0xf7, 0x6c, 
0xf6, 0xed, 0xdb, 0x7e, 0xf8, 0xec, 0x49, 0x08, 0xff, 0xf8, 0x00, 0x7f, 0xc0, 0x01, 0x33, 0xff, 
0x3f, 0xfe, 0xb6, 0x4d, 0xef, 0x7c, 0xdf, 0xf4, 0x02, 0x04, 0x46, 0x18, 0x66, 0x63, 0x6c, 0xc6, 
0x49, 0x24, 0x92, 0x48, 0xd0, 0xca, 0x7f, 0xff, 0xff, 0xfd, 0x4c, 0xd3, 0xb7, 0x6d, 0xf7, 0xff, 
0xfb, 0xb7, 0x36, 0xdd, 0xbb, 0x36, 0xf8, 0x01, 0x00, 0x42, 0xff, 0xf0, 0x44, 0x3f, 0xcf, 0xff, 
0xff, 0xff, 0x79, 0xb3, 0x6c, 0xdf, 0xff, 0xd7, 0x3f, 0xf3, 0x20, 0x90, 0x10, 0x86, 0x44, 0x99, 
0x9f, 0x59, 0x29, 0x24, 0x92, 0x49, 0x1a, 0x2a, 0xdf, 0xff, 0xff, 0xff, 0xa6, 0x4c, 0xff, 0xff, 
0xff, 0xf7, 0xfe, 0xf7, 0xdb, 0xd3, 0x2c, 0xf8, 0xf8, 0x10, 0x24, 0x10, 0xff, 0xf3, 0x12, 0x1b, 
0xff, 0xff, 0xff, 0xf7, 0xee, 0xcc, 0xd9, 0x37, 0xff, 0xf7, 0xef, 0xb8, 0x88, 0x22, 0x48, 0xa5, 
0x33, 0x2c, 0xd3, 0x49, 0x8a, 0x49, 0x24, 0x92, 0x43, 0x29, 0xbf, 0xff, 0xff, 0xfe, 0xa2, 0x69, 
0xff, 0xbf, 0xbf, 0x7d, 0xff, 0x5a, 0xda, 0xf6, 0xe7, 0x6c, 0x38, 0x42, 0x01, 0x04, 0x6f, 0xf0, 
0x81, 0x9f, 0xff, 0xff, 0xff, 0xfd, 0xee, 0x65, 0xc4, 0x6f, 0xed, 0xbc, 0xff, 0xe4, 0x02, 0x08, 
0x82, 0x31, 0x99, 0x66, 0x6c, 0xe4, 0x62, 0x52, 0x65, 0x26, 0x54, 0xcc, 0xbf, 0xff, 0xff, 0xff, 
0xb9, 0x9a, 0xff, 0xfb, 0xff, 0xdd, 0xfd, 0xcc, 0xed, 0x9c, 0xd9, 0x6c, 0xf9, 0x00, 0x90, 0xc9, 
0x7f, 0xf0, 0x2d, 0xff, 0xff, 0xff, 0xff, 0xff, 0xb3, 0x31, 0x64, 0x9a, 0xff, 0x6d, 0xbf, 0xd2, 
0x40, 0xc0, 0x25, 0xce, 0x4c, 0x93, 0x2e, 0x96, 0x19, 0x96, 0x49, 0x21, 0x11, 0x32, 0x9f, 0xff, 
0xff, 0xff, 0xc4, 0x26, 0xfe, 0xfe, 0xef, 0xf7, 0xbf, 0xb7, 0x2d, 0x67, 0x37, 0x7c, 0x98, 0x24, 
0x26, 0x00, 0x7f, 0xe5, 0x7f, 0xff, 0xff, 0xff, 0xff, 0x6e, 0xcc, 0x89, 0x90, 0x66, 0xf7, 0xf3, 
0x7f, 0x62, 0x10, 0x12, 0x1d, 0x6b, 0x66, 0x99, 0xd3, 0x31, 0x84, 0x25, 0x98, 0xcc, 0xc9, 0x26, 
0x6f, 0xff, 0xff, 0xff, 0xd6, 0xcc, 0xff, 0xbf, 0xff, 0x7e, 0xff, 0xb7, 0x73, 0x69, 0xd4, 0xde, 
0x78, 0x81, 0x00, 0x24, 0x3f, 0xe7, 0xdf, 0xff, 0xff, 0xff, 0x6d, 0x92, 0x64, 0x82, 0xd2, 0x5d, 
0x3c, 0x9f, 0xff, 0xa8, 0x84, 0x12, 0xd2, 0x11, 0xb2, 0x6c, 0xd9, 0xcc, 0x66, 0x69, 0x26, 0x32, 
0x2c, 0xc9, 0xbf, 0xff, 0xff, 0xff, 0x92, 0x53, 0xfd, 0xef, 0xdf, 0x9f, 0xff, 0xd9, 0x9a, 0x9e, 
0x5b, 0xd9, 0x38, 0x18, 0x91, 0x01, 0x1f, 0xff, 0xff, 0x6d, 0xb3, 0x24, 0x90, 0x91, 0x01, 0x12, 
0x41, 0x93, 0x4a, 0xf6, 0xfe, 0xc8, 0x21, 0x48, 0xc8, 0x94, 0x1f, 0x66, 0x6c, 0x49, 0x31, 0x9a, 
0xed, 0x93, 0x22, 0x19, 0x9f, 0xff, 0xff, 0xff, 0xe5, 0x32, 0xf7, 0xde, 0xf6, 0xf7, 0x7f, 0x4c, 
0xcc, 0xd2, 0x22, 0x71, 0x99, 0x22, 0x04, 0x59, 0x00, 0x32, 0x60, 0x00, 0x00, 0x00, 0x00, 0x04, 
0x08, 0x47, 0x04, 0xb9, 0xb7, 0x6f, 0xff, 0x92, 0x08, 0x43, 0x2d, 0xad, 0xc5, 0x99, 0x8d, 0x33, 
0x0c, 0x46, 0xb7, 0xd9, 0x92, 0xc6, 0x6f, 0xff, 0xff, 0xff, 0xe5, 0x8c, 0xff, 0x37, 0xbf, 0xfc, 
0x1f, 0xe6, 0x67, 0x69, 0xac, 0xdc, 0x58, 0x00, 0x48, 0x40, 0x40, 0x00, 0x00, 0x80, 0x00, 0x00, 
0x09, 0x20, 0x22, 0x21, 0x93, 0x6f, 0xb5, 0x3b, 0x7d, 0xa0, 0x82, 0x11, 0xb7, 0xef, 0xf2, 0xed, 
0xb3, 0x24, 0xc3, 0x6d, 0xb6, 0x7e, 0xcc, 0x64, 0xef, 0xff, 0xff, 0xff, 0xd8, 0xa6, 0xff, 0xbf, 
0xff, 0x3c, 0x83, 0xbb, 0x33, 0x6f, 0x6d, 0xb9, 0x10, 0x91, 0x12, 0x00, 0x01, 0x00, 0x00, 0x12, 
0x49, 0x24, 0x80, 0x09, 0x00, 0x0c, 0x4b, 0x6e, 0x4f, 0xfd, 0xff, 0x24, 0x20, 0x84, 0xfe, 0xff, 
0xfe, 0xe6, 0x6c, 0xc8, 0x32, 0x33, 0x6d, 0xee, 0xe5, 0x19, 0x3f, 0xff, 0xff, 0xff, 0xea, 0x69, 
0xfe, 0xed, 0xdb, 0xfc, 0xf9, 0x99, 0x99, 0x93, 0x73, 0x7e, 0xd8, 0x04, 0x00, 0x02, 0x08, 0x08, 
0x09, 0x00, 0x08, 0x08, 0x66, 0x40, 0x08, 0x96, 0x24, 0xfd, 0xf3, 0xd7, 0xfb, 0x41, 0x04, 0x24, 
0x0b, 0xff, 0x7f, 0x3b, 0x4c, 0x9b, 0x2c, 0x9a, 0xdb, 0xbb, 0xb2, 0x4b, 0x5f, 0xff, 0xff, 0xef, 
0xed, 0x19, 0xf7, 0xff, 0xff, 0xf6, 0xfe, 0x66, 0xcc, 0x98, 0x92, 0xdc, 0x99, 0x20, 0xa1, 0x24, 
0x92, 0x42, 0x40, 0x49, 0x22, 0x42, 0x00, 0x10, 0x22, 0x32, 0x97, 0x9f, 0x9e, 0xdf, 0xfe, 0x48, 
0x10, 0x00, 0x01, 0x3f, 0xdf, 0xd9, 0xb3, 0x20, 0x83, 0x6c, 0xde, 0xff, 0xbe, 0xc4, 0xdf, 0xff, 
0xff, 0xff, 0xf5, 0x96, 0xdd, 0xfb, 0xbd, 0xde, 0x7f, 0xfc, 0xef, 0xfe, 0xce, 0xfc, 0xb0, 0x08, 
0x08, 0x20, 0x20, 0x10, 0x12, 0x10, 0x40, 0x40, 0x91, 0x04, 0x84, 0xc9, 0x12, 0xee, 0xfb, 0x7f, 
0xf7, 0x00, 0x82, 0x49, 0x24, 0x6d, 0xf9, 0xf6, 0xb9, 0x24, 0x99, 0x67, 0x36, 0xdd, 0xfd, 0x35, 
0xa7, 0xff, 0xff, 0xff, 0xf2, 0x64, 0xff, 0xbf, 0xef, 0xfe, 0x7d, 0xb7, 0x3b, 0xf7, 0xff, 0xbc, 
0xb2, 0x42, 0x42, 0x89, 0x09, 0x84, 0x80, 0x84, 0x11, 0x19, 0x04, 0x40, 0x11, 0x0c, 0x4d, 0xb7, 
0xbd, 0xef, 0xfd, 0x24, 0x20, 0x00, 0x49, 0x17, 0x7f, 0x76, 0xcc, 0x92, 0x64, 0x99, 0xa7, 0x67, 
0x6d, 0x92, 0x3f, 0xff, 0xff, 0xff, 0xfa, 0x49, 0xef, 0xf7, 0x7f, 0xbe, 0x7f, 0xf7, 0xff, 0x7f, 
0x73, 0xfc, 0x98, 0x10, 0x90, 0x04, 0x42, 0x20, 0x8c, 0x21, 0x04, 0x00, 0x40, 0x4a, 0x42, 0x52, 
0x49, 0xb7, 0xa4, 0xff, 0xfa, 0x41, 0x04, 0x84, 0x0b, 0xd2, 0xcd, 0xfd, 0x72, 0x92, 0x0c, 0xda, 
0xe9, 0x69, 0xbb, 0xca, 0xdf, 0xff, 0xff, 0xff, 0xf9, 0x9b, 0xbd, 0xff, 0xf7, 0xf1, 0x3f, 0xd9, 
0xf7, 0xd9, 0x1b, 0x79, 0x99, 0x04, 0x04, 0x60, 0x44, 0x08, 0x21, 0x08, 0x48, 0x84, 0x12, 0x00, 
0x18, 0x90, 0xbb, 0x7c, 0xc3, 0xff, 0xee, 0x10, 0x10, 0x11, 0x22, 0x49, 0xb2, 0xbd, 0x5a, 0x49, 
0x93, 0x66, 0x5b, 0x18, 0xde, 0x69, 0x9f, 0xff, 0xff, 0xff, 0xfd, 0x32, 0xff, 0x6e, 0xfe, 0xf8, 
0xbf, 0xfe, 0x11, 0xb7, 0xff, 0xfc, 0xf0, 0x41, 0x23, 0x09, 0x11, 0x06, 0x00, 0x42, 0x42, 0x21, 
0x02, 0x24, 0x84, 0xa9, 0xb7, 0x49, 0x7f, 0xff, 0xec, 0x82, 0x40, 0x00, 0x04, 0x6c, 0x36, 0x87, 
0x93, 0x08, 0x44, 0xb5, 0x96, 0xc6, 0x57, 0xb5, 0x6f, 0xff, 0xff, 0xf7, 0xfe, 0xcc, 0xff, 0xff, 
0xdf, 0xf8, 0x9f, 0xff, 0xee, 0x6f, 0xf7, 0xfd, 0x92, 0x18, 0x20, 0x11, 0x08, 0x60, 0x92, 0x10, 
0x10, 0x08, 0x48, 0x80, 0x24, 0x68, 0x6d, 0xfc, 0xb7, 0xfd, 0xf9, 0x20, 0x02, 0x44, 0x91, 0x93, 
0xcd, 0xf3, 0xa4, 0xa2, 0x59, 0x99, 0xb4, 0xb3, 0x33, 0x94, 0x7f, 0xff, 0xff, 0xff, 0xfa, 0x93, 
0xff, 0xfd, 0xfd, 0xfa, 0x5f, 0xff, 0xff, 0xcd, 0xff, 0xff, 0xb0, 0x82, 0x8c, 0x84, 0x20, 0x00, 
0x00, 0x01, 0x01, 0x02, 0x00, 0x13, 0x23, 0x27, 0x4d, 0xf7, 0xed, 0xfb, 0x69, 0x09, 0x20, 0x00, 
0x26, 0x76, 0x49, 0x38, 0xcc, 0x82, 0x0b, 0x6e, 0x65, 0x28, 0x8c, 0xf3, 0x9f, 0xff, 0xff, 0xff, 
0xff, 0x64, 0xf7, 0xef, 0xef, 0xdb, 0x0f, 0xff, 0xff, 0xfb, 0x07, 0xfe, 0xb0, 0x20, 0x00, 0x00, 
0x00, 0x00, 0x00, 0x48, 0x00, 0x40, 0x92, 0x44, 0x48, 0x93, 0xf7, 0xf7, 0x7f, 0xfb, 0xcc, 0x40, 
0x08, 0x08, 0x08, 0x8d, 0x76, 0xce, 0x52, 0x18, 0xa4, 0xcd, 0x99, 0x4c, 0xcd, 0xec, 0xbf, 0xff, 
0xff, 0xff, 0xff, 0x4c, 0xff, 0x7f, 0xbf, 0xfe, 0xaf, 0xff, 0xff, 0xfe, 0x07, 0xfe, 0xe2, 0x01, 
0x00, 0x49, 0x12, 0x92, 0x49, 0x00, 0x92, 0x10, 0x08, 0x09, 0x03, 0xcc, 0xb7, 0x7d, 0xdb, 0xf6, 
0xf2, 0x12, 0x41, 0x01, 0x00, 0xa1, 0x96, 0xd3, 0x22, 0x41, 0x26, 0xb5, 0xb2, 0x43, 0x33, 0x39, 
0xbf, 0xff, 0xff, 0xff, 0xfb, 0xdb, 0xff, 0xff, 0xfd, 0xfe, 0x2f, 0xff, 0xff, 0xff, 0xe7, 0xff, 
0xe0, 0x90, 0x66, 0x20, 0x40, 0x00, 0x08, 0x04, 0x00, 0x84, 0x41, 0x22, 0x33, 0x2f, 0xad, 0xfb, 
0x7f, 0xf7, 0xe8, 0x80, 0x10, 0x00, 0x44, 0x36, 0x69, 0x34, 0x89, 0x24, 0x4b, 0x36, 0xee, 0xb2, 
0x24, 0xce, 0x7f, 0xff, 0xff, 0xff, 0xfe, 0xa2, 0xff, 0xff, 0xff, 0xf6, 0x47, 0xff, 0xff, 0xff, 
0xf3, 0xff, 0xe4, 0x24, 0x00, 0x00, 0x00, 0x04, 0x82, 0x44, 0x48, 0x21, 0x10, 0x24, 0x0c, 0x27, 
0x6e, 0xeb, 0xef, 0xfb, 0x6c, 0x24, 0x82, 0x20, 0x11, 0x12, 0x49, 0xac, 0x91, 0x08, 0x99, 0xdf, 
0xbb, 0x8c, 0xcc, 0xdc, 0xdf, 0xff, 0xff, 0xff, 0xff, 0xb8, 0xff, 0xff, 0xff, 0xfc, 0x57, 0xff, 
0xff, 0xff, 0xfe, 0xdf, 0xdb, 0x6d, 0x88, 0x44, 0x96, 0x40, 0x20, 0x51, 0x02, 0x08, 0x04, 0x91, 
0x4e, 0x3d, 0xdb, 0x8c, 0xff, 0xff, 0xd1, 0x00, 0x08, 0x04, 0x01, 0x49, 0x96, 0x49, 0x24, 0x92, 
0x24, 0xd9, 0x92, 0x61, 0x33, 0x37, 0x3f, 0xff, 0xff, 0xff, 0xf7, 0xcd, 0xff, 0xff, 0xff, 0xec, 
0x47, 0xff, 0xff, 0xff, 0xff, 0xb7, 0x6a, 0xcb, 0x22, 0x12, 0x00, 0x49, 0x09, 0x00, 0x20, 0x82, 
0x42, 0x42, 0x58, 0x99, 0xbb, 0xf7, 0x9f, 0xf5, 0xd4, 0x49, 0x00, 0x80, 0x88, 0x09, 0x32, 0x52, 
0x48, 0x81, 0x27, 0x3f, 0xfd, 0xbd, 0x22, 0x65, 0x7f, 0xff, 0xff, 0xff, 0xfe, 0xf6, 0xff, 0xff, 
0xff, 0xfc, 0xe3, 0xfd, 0xff, 0xff, 0xff, 0xf4, 0xa4, 0x90, 0x00, 0x80, 0x21, 0x00, 0x40, 0x24, 
0x88, 0x20, 0x12, 0x08, 0x30, 0xe6, 0xee, 0xde, 0xff, 0xff, 0x64, 0x00, 0x42, 0x08, 0x22, 0x24, 
0x49, 0x92, 0x48, 0x48, 0x99, 0xfe, 0xff, 0xac, 0xcc, 0x9c, 0xff, 0xff, 0xff, 0xdf, 0xfb, 0xb2, 
0x07, 0xff, 0xff, 0xfc, 0x6f, 0xff, 0xbf, 0xff, 0xff, 0xfe, 0x95, 0x24, 0x90, 0x00, 0x08, 0x24, 
0x92, 0x00, 0x02, 0x2f, 0xed, 0x80, 0xa2, 0x7f, 0xed, 0xdb, 0xfd, 0xfe, 0xc9, 0x92, 0x10, 0x01, 
0x00, 0x82, 0x48, 0x21, 0x06, 0x02, 0x46, 0x6d, 0xff, 0xe6, 0x93, 0x36, 0xff, 0xff, 0xff, 0xff, 
0xfe, 0xfb, 0x03, 0xff, 0xff, 0xfd, 0xd5, 0xff, 0xfb, 0xff, 0xff, 0xff, 0xc9, 0x00, 0x96, 0x6c, 
0xc2, 0x04, 0x02, 0xdb, 0x67, 0x99, 0xb9, 0xfd, 0xc9, 0x59, 0xff, 0x3f, 0xf7, 0xfb, 0xb2, 0x00, 
0x80, 0x90, 0x10, 0x92, 0x26, 0x48, 0x51, 0x90, 0x4b, 0x27, 0xfb, 0xfb, 0xb2, 0x66, 0xff, 0xff, 
0xff, 0xff, 0x7e, 0xfd, 0x29, 0xff, 0xff, 0xfc, 0xdf, 0xff, 0xff, 0x7f, 0xff, 0xff, 0xee, 0x52, 
0x41, 0x00, 0x00, 0x91, 0x6c, 0x91, 0x30, 0xd6, 0x6e, 0xdf, 0x41, 0xb7, 0x32, 0x6f, 0x7f, 0xfe, 
0x90, 0x48, 0x08, 0x00, 0x04, 0x01, 0x81, 0x06, 0x04, 0x01, 0x29, 0xb2, 0x7e, 0xfd, 0xcc, 0xc9, 
0xff, 0xff, 0xff, 0xff, 0xff, 0x3d, 0x2f, 0x7f, 0xff, 0xef, 0xce, 0xff, 0xf7, 0xff, 0xff, 0xfe, 
0xff, 0xc9, 0x18, 0x10, 0x24, 0x03, 0x13, 0x24, 0x8c, 0x66, 0xcf, 0xf6, 0xf6, 0xb6, 0xf8, 0xdb, 
0xff, 0xf6, 0xcc, 0x02, 0x21, 0x00, 0x81, 0x24, 0x18, 0x40, 0xa0, 0x00, 0x24, 0xdd, 0x97, 0xfe, 
0x73, 0x3b, 0xff, 0xff, 0xff, 0xff, 0xff, 0x1e, 0xff, 0xff, 0xff, 0xff, 0x3f, 0xff, 0xff, 0xef, 
0xff, 0xf7, 0xfd, 0xf8, 0x22, 0x01, 0x00, 0x5c, 0xd0, 0xca, 0x43, 0x39, 0xb7, 0x7d, 0xb8, 0xc8, 
0xc2, 0x93, 0xff, 0xfd, 0xa2, 0x90, 0x00, 0x04, 0x20, 0x08, 0x42, 0x58, 0x98, 0x04, 0x96, 0x5d, 
0x97, 0xef, 0x99, 0x26, 0xff, 0xff, 0xff, 0xf7, 0xff, 0xcf, 0xff, 0xff, 0xff, 0xff, 0xb7, 0x7f, 
0xdf, 0xfe, 0xdf, 0xff, 0x6f, 0xfc, 0x80, 0x88, 0x49, 0x64, 0x26, 0x49, 0x30, 0x89, 0x35, 0x9f, 
0xef, 0x19, 0x32, 0xc4, 0x5f, 0xf9, 0x30, 0x04, 0x44, 0x20, 0x09, 0x89, 0x24, 0x82, 0x40, 0x00, 
0x13, 0x66, 0x69, 0x7f, 0xec, 0xcd, 0xff, 0xff, 0xff, 0xff, 0xdf, 0xcb, 0xff, 0xff, 0xff, 0xff, 
0xff, 0x7f, 0xfd, 0xff, 0xfd, 0xff, 0xdf, 0xfe, 0x04, 0x22, 0x07, 0x2b, 0x29, 0x31, 0x1c, 0x82, 
0x49, 0xf3, 0x7f, 0x92, 0x65, 0xb9, 0x47, 0xee, 0x45, 0x21, 0x01, 0x08, 0x80, 0x22, 0x08, 0x22, 
0x00, 0x02, 0x49, 0x33, 0x6b, 0x5b, 0xee, 0x51, 0xff, 0xff, 0xff, 0xff, 0xff, 0xd3, 0xff, 0xff, 
0xff, 0xff, 0xdf, 0xff, 0xff, 0xbf, 0xff, 0xdd, 0xff, 0xff, 0x21, 0x20, 0x94, 0x99, 0xcd, 0x9e, 
0xc6, 0x66, 0x4e, 0x7f, 0xdb, 0xe2, 0xc9, 0x6f, 0x77, 0xf3, 0x24, 0x08, 0x10, 0x42, 0x26, 0x48, 
0xc9, 0x08, 0x80, 0x10, 0x24, 0x99, 0x94, 0x96, 0xf3, 0x37, 0xff, 0xff, 0xff, 0xff, 0xff, 0xe6, 
0xff, 0xff, 0xff, 0xff, 0xf9, 0xbf, 0xdb, 0xff, 0xfb, 0x7f, 0x3b, 0xff, 0xc8, 0x8c, 0x72, 0xd4, 
0x94, 0xcf, 0xe7, 0x19, 0x31, 0xbb, 0xfe, 0xff, 0xbb, 0xdd, 0xb6, 0xf1, 0xa0, 0x80, 0x84, 0x00, 
0x08, 0x44, 0x21, 0x24, 0x00, 0x41, 0x16, 0xcd, 0xb5, 0xa5, 0xfc, 0xa7, 0xff, 0xff, 0xff, 0xff, 
0xdf, 0xf9, 0xff, 0xff, 0xff, 0xff, 0xfc, 0xbf, 0x7f, 0xff, 0xef, 0xef, 0xdf, 0xff, 0xe6, 0x01, 
0x4b, 0x36, 0x33, 0x3d, 0x39, 0xc1, 0x89, 0x9e, 0xb7, 0xdd, 0xfe, 0xdb, 0x3b, 0xec, 0x92, 0x22, 
0x21, 0x24, 0xc1, 0x33, 0x0c, 0x90, 0x00, 0x04, 0x42, 0x26, 0x6d, 0x39, 0x3e, 0xc9, 0xff, 0xff, 
0xff, 0xff, 0xff, 0xf3, 0xff, 0xff, 0xff, 0xfd, 0x86, 0x9f, 0xff, 0xee, 0xff, 0xb9, 0xff, 0xff, 
0xfd, 0x23, 0x4c, 0x93, 0x69, 0xf7, 0xff, 0xb6, 0x6c, 0x4f, 0xdd, 0xff, 0xda, 0x7e, 0xfd, 0xe6, 
0x44, 0x08, 0x08, 0x01, 0x14, 0x80, 0xc2, 0x42, 0x00, 0x10, 0x09, 0x92, 0xcb, 0x4a, 0xcf, 0x3b, 
0xff, 0xff, 0xff, 0xff, 0xfb, 0x7a, 0xff, 0xff, 0xfe, 0xcc, 0xf3, 0x5f, 0xfd, 0xbf, 0xfd, 0xfe, 
0xef, 0xff, 0xdf, 0xb9, 0xb3, 0xe9, 0x0c, 0xde, 0xfd, 0x89, 0x33, 0x63, 0x7f, 0x7e, 0xfb, 0xfc, 
0x9f, 0xf1, 0x21, 0x01, 0x02, 0x58, 0x24, 0x98, 0x31, 0x08, 0x02, 0x42, 0x24, 0x59, 0x32, 0x66, 
0x69, 0xa7, 0xff, 0xff, 0xff, 0xff, 0xdf, 0xdc, 0xfe, 0xdb, 0x4b, 0x33, 0x39, 0x4f, 0x6f, 0xfd, 
0xdf, 0xcf, 0xbf, 0xff, 0xff, 0xcc, 0x96, 0x4c, 0xf3, 0x6b, 0xb7, 0x6d, 0x9b, 0x35, 0xb3, 0xdb, 
0xed, 0xf6, 0x73, 0xf1, 0x88, 0x44, 0x40, 0x42, 0x89, 0x26, 0x0c, 0x80, 0x10, 0x08, 0x86, 0x45, 
0x2d, 0x99, 0xad, 0x97, 0xff, 0xff, 0xff, 0xff, 0xff, 0xff, 0x93, 0x6c, 0xd9, 0x48, 0x00, 0x0f, 
0xfb, 0xf7, 0xf6, 0xf9, 0xbf, 0xff, 0xff, 0x66, 0xcc, 0xd6, 0x13, 0x3b, 0xff, 0x74, 0xcd, 0x99, 
0xde, 0xff, 0xff, 0xff, 0x5f, 0xda, 0x42, 0x10, 0x33, 0x08, 0x92, 0x41, 0x82, 0x00, 0x44, 0x80, 
0x91, 0x91, 0x89, 0xb2, 0x96, 0x53, 0xff, 0xff, 0xff, 0xff, 0xff, 0xfe, 0x51, 0x20, 0x00, 0x02, 
0x44, 0x87, 0xbf, 0x7f, 0xff, 0xbf, 0xff, 0xff, 0xfd, 0x7b, 0x6b, 0xb5, 0x9d, 0xfe, 0xdb, 0xd6, 
0x76, 0xdb, 0x6f, 0xff, 0xbf, 0xfd, 0x6f, 0xd9, 0x10, 0x82, 0x84, 0x24, 0x44, 0x98, 0x66, 0x00, 
0x08, 0x24, 0x24, 0x4c, 0x66, 0x4e, 0x52, 0xcf, 0xff, 0xff, 0xff, 0xff, 0xff, 0xff, 0x04, 0x03, 
0x26, 0xa4, 0x91, 0x27, 0xfd, 0xef, 0x7b, 0xed, 0xdf, 0xff, 0xff, 0x4f, 0x66, 0x6c, 0x63, 0x6f, 
0xfe, 0xdb, 0x6d, 0x64, 0xad, 0xdb, 0xff, 0xfd, 0xbb, 0xf1, 0x24, 0x20, 0x00, 0x93, 0x31, 0x26, 
0x18, 0x84, 0xa3, 0x25, 0x24, 0xc2, 0x52, 0x49, 0x69, 0xab, 0xff, 0xff, 0xff, 0xff, 0xfe, 0xff, 
0x20, 0x98, 0x20, 0x20, 0x84, 0x23, 0xdf, 0xfd, 0xee, 0xdb, 0x7f, 0xff, 0xfa, 0xfd, 0x9d, 0xdb, 
0x1b, 0x7b, 0xef, 0xb1, 0xad, 0xee, 0x9f, 0x7f, 0xdb, 0xff, 0xbf, 0xf6, 0x40, 0x0c, 0x4a, 0x48, 
0x8a, 0x41, 0x92, 0x10, 0x2c, 0x91, 0x12, 0x32, 0x99, 0xb1, 0x2c, 0x2b, 0xff, 0xff, 0xff, 0xff, 
0xff, 0xff, 0x08, 0x80, 0x89, 0x08, 0x20, 0x89, 0xf7, 0x7f, 0xff, 0xf7, 0xff, 0xff, 0xfe, 0xb7, 
0xd7, 0xdd, 0xcd, 0xde, 0xff, 0xed, 0xb7, 0xba, 0x73, 0xfe, 0xfd, 0xfb, 0x67, 0x98, 0x82, 0x41, 
0x22, 0x48, 0x8a, 0x59, 0x26, 0x03, 0x10, 0x92, 0x49, 0x88, 0x84, 0x86, 0x93, 0x67, 0xff, 0xff, 
0xff, 0xff, 0xff, 0xff, 0x22, 0x24, 0x80, 0x43, 0x0a, 0x43, 0xfd, 0xdb, 0xb7, 0x3d, 0xbf, 0xff, 
0xfd, 0xfe, 0x7c, 0xf6, 0x45, 0xf7, 0xbd, 0xee, 0x7e, 0xa7, 0x0e, 0xdb, 0xbf, 0xff, 0xdf, 0xe6, 
0x20, 0x11, 0x11, 0x26, 0x61, 0x86, 0x64, 0x4c, 0xd6, 0x48, 0x88, 0x49, 0x24, 0x68, 0x92, 0x57, 
0xff, 0xff, 0xff, 0xff, 0xff, 0xef, 0x00, 0x02, 0x36, 0x10, 0x48, 0x10, 0xdf, 0xff, 0xfd, 0xef, 
0x7f, 0xff, 0xff, 0xfb, 0xab, 0xbb, 0x36, 0x7f, 0xff, 0xbb, 0xce, 0xf9, 0xb2, 0xff, 0xfe, 0xfe, 
0xdf, 0xb3, 0x09, 0x24, 0x4c, 0x93, 0x34, 0x30, 0x92, 0x52, 0x65, 0x49, 0x33, 0x44, 0x49, 0x09, 
0x2c, 0x97, 0xff, 0xff, 0xff, 0xff, 0xff, 0xff, 0x04, 0x40, 0x00, 0x92, 0x11, 0x94, 0xf6, 0xef, 
0x7f, 0xfb, 0xff, 0xff, 0xff, 0xbb, 0x6f, 0xaf, 0x67, 0xdb, 0x7f, 0xff, 0xff, 0xda, 0x90, 0x37, 
0x67, 0xbb, 0x7f, 0x98, 0x80, 0x02, 0x22, 0x51, 0x0d, 0x8c, 0x9a, 0x33, 0xf9, 0x33, 0x44, 0x65, 
0x22, 0x46, 0x43, 0x2f, 0xff, 0xff, 0xff, 0xff, 0xff, 0xfd, 0x21, 0x10, 0x00, 0x08, 0x84, 0x00, 
0x7f, 0xbb, 0xff, 0xbe, 0xff, 0xff, 0xfe, 0xef, 0x7d, 0xfc, 0xc9, 0xff, 0xf7, 0xfe, 0xf7, 0x7e, 
0xc4, 0x9d, 0xff, 0xef, 0x7e, 0xcc, 0x90, 0x98, 0x92, 0x4c, 0xc8, 0xcb, 0x23, 0x2d, 0xfe, 0x94, 
0x4c, 0x91, 0x24, 0x90, 0x98, 0x8b, 0xff, 0xff, 0xff, 0xff, 0xff, 0xff, 0x18, 0x44, 0x81, 0x21, 
0x20, 0x62, 0x3b, 0xfe, 0xed, 0xf7, 0xbf, 0xff, 0xff, 0xf5, 0xdf, 0x67, 0x1b, 0x37, 0xff, 0xff, 
0xfd, 0xcd, 0x80, 0x8d, 0xff, 0xfd, 0xdf, 0x66, 0x04, 0x21, 0x12, 0xa6, 0x62, 0x60, 0x89, 0xcd, 
0xdc, 0xcc, 0xb3, 0x18, 0x91, 0x24, 0xa4, 0xd7, 0xff, 0xff, 0xff, 0xff, 0xff, 0xff, 0x02, 0x09, 
0x10, 0x04, 0x4b, 0x08, 0x9e, 0xdf, 0xfb, 0x7d, 0xbf, 0xff, 0xff, 0x77, 0xf7, 0x7d, 0x67, 0xed, 
0xfe, 0xf7, 0xdf, 0xff, 0x32, 0x67, 0x7d, 0xf7, 0xb7, 0x22, 0x41, 0x04, 0x4c, 0xb1, 0x2d, 0x1c, 
0x90, 0xd3, 0x77, 0x63, 0x91, 0x66, 0x49, 0x24, 0x26, 0x57, 0xff, 0xff, 0xff, 0xff, 0xff, 0xff, 
0x20, 0x90, 0x04, 0x12, 0x00, 0x04, 0x1f, 0xf7, 0x5b, 0xfe, 0xef, 0xff, 0xfd, 0xde, 0xfb, 0x9f, 
0xcc, 0xdd, 0x7f, 0xff, 0x7e, 0xf7, 0x84, 0x11, 0x7f, 0x7e, 0xfc, 0xda, 0x40, 0x44, 0x91, 0x19, 
0x91, 0x92, 0x46, 0x36, 0x4c, 0x99, 0x4c, 0x01, 0x24, 0x93, 0x12, 0x2f, 0xff, 0xff, 0xff, 0xff, 
0xff, 0xff, 0x14, 0x84, 0x01, 0x48, 0xa4, 0xb1, 0x4d, 0xbd, 0xde, 0xef, 0xff, 0xff, 0xff, 0xff, 
0x3b, 0xfb, 0xbb, 0x36, 0x7b, 0xff, 0xfb, 0xbd, 0xa5, 0xd9, 0xcf, 0xee, 0xcf, 0x46, 0x08, 0x21, 
0x26, 0x66, 0x56, 0x63, 0x29, 0x2c, 0xda, 0xb6, 0xf3, 0xb9, 0x24, 0x48, 0xc9, 0xaf, 0xff, 0xff, 
0xff, 0xff, 0xff, 0xff, 0x10, 0x20, 0x21, 0x21, 0x12, 0x02, 0x27, 0xee, 0xef, 0xff, 0xdb, 0xff, 
0xfb, 0x37, 0xee, 0xfe, 0xec, 0x83, 0x9f, 0xdf, 0xff, 0xff, 0x62, 0x6e, 0xff, 0xfb, 0xb3, 0x34, 
0x82, 0x24, 0x49, 0xa6, 0xd2, 0x4c, 0x89, 0x09, 0x93, 0x67, 0xf8, 0x88, 0x93, 0x08, 0x29, 0x2f, 
0xff, 0xff, 0xff, 0xff, 0xff, 0xff, 0x00, 0x00, 0x8c, 0x04, 0x42, 0x48, 0x86, 0xfb, 0xb9, 0xfd, 
0xff, 0x7f, 0xef, 0xf9, 0xdf, 0xb7, 0xd0, 0xc8, 0x7f, 0xff, 0xfe, 0xf7, 0xda, 0xf6, 0xf7, 0xfb, 
0xec, 0xdc, 0x90, 0x84, 0x92, 0x99, 0xad, 0x92, 0x52, 0x52, 0x65, 0x59, 0xfe, 0x66, 0x48, 0x66, 
0x24, 0x4f, 0xff, 0xff, 0xff, 0xff, 0xff, 0xff, 0x01, 0x04, 0x80, 0xc4, 0x89, 0x24, 0x93, 0x9f, 
0x7f, 0xff, 0xb7, 0xff, 0xff, 0xef, 0x75, 0xfd, 0x96, 0x12, 0x1f, 0xbf, 0xf7, 0xff, 0x92, 0xdf, 
0xbd, 0xfc, 0xdd, 0x06, 0x04, 0x10, 0x96, 0x6d, 0x29, 0xb2, 0x44, 0x92, 0x4d, 0x9b, 0x4b, 0x24, 
0x49, 0x11, 0x93, 0x5f, 0xff, 0xff, 0xff, 0xff, 0xff, 0xff, 0x08, 0x49, 0x24, 0x32, 0x24, 0x22, 
0x23, 0xf7, 0x6f, 0xbf, 0xff, 0xff, 0xbd, 0xfb, 0x7f, 0x7e, 0x65, 0x8c, 0x8f, 0xff, 0xff, 0xdf, 
0xe7, 0x7f, 0xff, 0x77, 0x36, 0x66, 0x41, 0x12, 0x49, 0x26, 0x6e, 0x4c, 0x91, 0x25, 0x32, 0xe6, 
0xe9, 0x99, 0x24, 0x84, 0x49, 0x37, 0xff, 0xff, 0xff, 0xff, 0xff, 0xff, 0x26, 0x20, 0x13, 0x08, 
0x90, 0x88, 0x21, 0xfd, 0xfb, 0xff, 0xff, 0xf7, 0xfd, 0xbb, 0xcf, 0xe2, 0x79, 0x63, 0x27, 0xff, 
0x7e, 0xfd, 0xed, 0xef, 0xdb, 0xff, 0xbe, 0x9a, 0x10, 0x44, 0x49, 0x99, 0x93, 0x64, 0x99, 0x25, 
0x92, 0x24, 0xb6, 0x49, 0x24, 0xa4, 0x49, 0x9f, 0xff, 0xff, 0xff, 0xff, 0xff, 0xff, 0x20, 0x86, 
0x48, 0x42, 0x49, 0x25, 0x8c, 0xdf, 0xdf, 0xff, 0xff, 0xff, 0xff, 0xef, 0xfd, 0xf1, 0x9e, 0x49, 
0x27, 0xff, 0xff, 0xff, 0xf3, 0xff, 0xef, 0xbf, 0xe9, 0x9e, 0x84, 0x11, 0x34, 0xcb, 0x75, 0x93, 
0x24, 0x92, 0x4d, 0x99, 0x94, 0xce, 0x49, 0x23, 0x24, 0xdf, 0xff, 0xff, 0xff, 0xff, 0xff, 0xff, 
0x08, 0x10, 0x21, 0x32, 0x09, 0x10, 0x00, 0xdb, 0x7f, 0xff, 0xff, 0xff, 0xff, 0xfe, 0x7f, 0x59, 
0x6c, 0xb5, 0x9f, 0xff, 0xef, 0x7f, 0xff, 0xff, 0xff, 0xef, 0xfc, 0x6e, 0x21, 0x89, 0x06, 0x66, 
0x6c, 0xd8, 0x84, 0x92, 0x64, 0xcb, 0x6d, 0x32, 0x92, 0x48, 0x94, 0x5b, 0xff, 0xff, 0xff, 0xff, 
0xff, 0xff, 0x43, 0x21, 0x84, 0x84, 0xa4, 0xc6, 0x64, 0x7f, 0xff, 0xff, 0xff, 0xff, 0xff, 0x3f, 
0xf7, 0xca, 0x7f, 0xb5, 0x87, 0xfd, 0xfb, 0xdf, 0x7e, 0xff, 0xdf, 0xfb, 0xdf, 0x7e, 0x08, 0x24, 
0xc9, 0x35, 0xbb, 0x26, 0x62, 0x49, 0x92, 0x64, 0xc9, 0x24, 0x92, 0x48, 0x93, 0x3f, 0xff, 0xff, 
0xff, 0xff, 0xff, 0xff, 0x10, 0x4c, 0x32, 0x08, 0x22, 0x21, 0x01, 0x2d, 0xff, 0xff, 0xff, 0xff, 
0xfd, 0xf5, 0xbf, 0xb2, 0xdf, 0xdb, 0x67, 0xff, 0xff, 0xf7, 0xff, 0xff, 0x7d, 0xff, 0xfb, 0xfe, 
0x42, 0x12, 0x21, 0x95, 0xb3, 0x24, 0x4a, 0x44, 0x4b, 0x34, 0x92, 0xcc, 0x49, 0x26, 0x62, 0xbf, 
0xff, 0xff, 0xff, 0xff, 0xff, 0xff, 0x04, 0x42, 0x02, 0x63, 0x08, 0x08, 0x12, 0x3b, 0xdf, 0xff, 
0xff, 0xff, 0xff, 0xff, 0xfb, 0x24, 0xff, 0xdb, 0xb7, 0xbf, 0xed, 0xb7, 0xff, 0xff, 0xff, 0x7d, 
0xff, 0xfe, 0x10, 0xc2, 0x2c, 0x4d, 0xdc, 0xd9, 0x91, 0x32, 0x49, 0x8b, 0x36, 0x13, 0x49, 0x21, 
0x0c, 0xb7, 0xff, 0xff, 0xff, 0xff, 0xbd, 0xff, 0x25, 0x23, 0xc8, 0x80, 0x00, 0x82, 0x48, 0x9f, 
0xff, 0xff, 0xff, 0xff, 0xff, 0xee, 0xfb, 0x6b, 0x6f, 0xff, 0xb7, 0xfb, 0xf6, 0xdb, 0xff, 0xff, 
0xf7, 0xff, 0xef, 0xfe, 0x04, 0x08, 0x8a, 0x66, 0xff, 0x9a, 0x65, 0x89, 0x34, 0x68, 0xc9, 0x64, 
0xa4, 0x99, 0x31, 0x3f, 0xfe, 0xff, 0xff, 0xfe, 0xff, 0xff, 0x21, 0x20, 0x00, 0x08, 0xd2, 0x31, 
0x00, 0x07, 0x7f, 0xff, 0xff, 0xff, 0xfe, 0xfb, 0xcd, 0xc9, 0xbf, 0xfd, 0xdf, 0xff, 0x76, 0xda, 
0x7f, 0xff, 0xfd, 0xf6, 0xfb, 0xfe, 0x63, 0x24, 0x92, 0x93, 0xb7, 0xee, 0xdc, 0xd9, 0x84, 0x46, 
0x29, 0x19, 0x94, 0x86, 0x46, 0x7f, 0xf0, 0x3f, 0xff, 0xff, 0xf7, 0xef, 0x00, 0x08, 0x35, 0x26, 
0x12, 0x44, 0x36, 0x63, 0xff, 0xff, 0xff, 0xff, 0xff, 0xbf, 0x75, 0x94, 0xff, 0xff, 0xff, 0xed, 
0xdb, 0x2f, 0xff, 0xff, 0xff, 0xdf, 0x7f, 0xfe, 0x08, 0x44, 0x44, 0x9d, 0xdf, 0x69, 0x93, 0x66, 
0x63, 0x13, 0x26, 0x92, 0x52, 0x61, 0x92, 0xdd, 0xe5, 0x3f, 0xfb, 0xfb, 0xde, 0xff, 0x1a, 0x49, 
0x04, 0x40, 0x09, 0x11, 0x80, 0x89, 0xff, 0xff, 0xff, 0xff, 0xf7, 0xff, 0xbe, 0x73, 0xdf, 0xff, 
0xff, 0xff, 0xb3, 0x2d, 0xbf, 0xff, 0xdf, 0xff, 0x77, 0xfe, 0x01, 0x13, 0x35, 0x66, 0x69, 0xfd, 
0x6d, 0x26, 0x59, 0xb0, 0xd2, 0x66, 0x4a, 0x4c, 0x59, 0x77, 0xe4, 0x9f, 0xff, 0xef, 0xff, 0xff, 
0x42, 0x44, 0xc2, 0x49, 0xa4, 0x90, 0x48, 0x81, 0xff, 0xff, 0xff, 0xff, 0xff, 0x7d, 0xef, 0xed, 
0xff, 0xff, 0xff, 0xdb, 0xac, 0xb4, 0xff, 0xfe, 0xfe, 0xff, 0xfd, 0xff, 0x34, 0x90, 0x89, 0x1b, 
0x2c, 0x97, 0x6d, 0x99, 0x9c, 0x8c, 0x99, 0x24, 0xa4, 0x93, 0x45, 0x7f, 0xca, 0x5f, 0xff, 0xff, 
0x7d, 0xfb, 0x11, 0x30, 0x30, 0x92, 0x20, 0x86, 0x12, 0x24, 0xff, 0xff, 0xff, 0xff, 0xef, 0xff, 
0xd9, 0xef, 0xff, 0xff, 0xff, 0xfb, 0x6c, 0x96, 0xff, 0xff, 0xbf, 0xf6, 0xff, 0xfe, 0x42, 0x4c, 
0x8a, 0x49, 0xd6, 0xd2, 0xb6, 0xdb, 0x66, 0xe6, 0x25, 0x99, 0x95, 0x31, 0x24, 0xff, 0xd9, 0x1f, 
0xff, 0xff, 0xf7, 0xdf, 0x24, 0x83, 0x09, 0x12, 0x18, 0x20, 0x81, 0x08, 0xff, 0xb7, 0xff, 0xff, 
0xfb, 0xff, 0xf7, 0xde, 0xff, 0xff, 0xff, 0xee, 0xd3, 0x49, 0xbf, 0xff, 0xff, 0xff, 0xbb, 0xfe, 
0x08, 0x42, 0x66, 0x66, 0x52, 0x58, 0x8e, 0xcc, 0x4b, 0x32, 0x64, 0xc9, 0x31, 0x4c, 0xb2, 0xf7, 
0x91, 0x3f, 0xff, 0xff, 0xff, 0xff, 0x24, 0x08, 0x44, 0x48, 0xc3, 0x24, 0x88, 0x42, 0x7e, 0xff, 
0xff, 0xff, 0xbf, 0xff, 0x7f, 0xff, 0xff, 0xff, 0xff, 0xfd, 0x91, 0x23, 0x2f, 0xff, 0xff, 0xbb, 
0x7f, 0xff, 0x23, 0x32, 0x31, 0x94, 0x99, 0x27, 0x01, 0xb7, 0xb9, 0x59, 0x9a, 0x26, 0x4c, 0x92, 
0x9a, 0xdf, 0xe6, 0x4f, 0xff, 0xff, 0xdf, 0xbf, 0x11, 0x64, 0x92, 0x42, 0x04, 0x44, 0x62, 0x52, 
0x3f, 0xdf, 0xff, 0xff, 0xed, 0xef, 0xdf, 0xff, 0xbf, 0xff, 0xff, 0xf5, 0xec, 0x24, 0xdf, 0xff, 
0xef, 0xff, 0x7f, 0xff, 0x08, 0x09, 0x8c, 0x59, 0xa5, 0xa4, 0xd0, 0x36, 0xa6, 0xcd, 0x12, 0xb2, 
0xca, 0xa6, 0x49, 0xfb, 0x99, 0x9f, 0xff, 0xff, 0xff, 0xff, 0x49, 0x04, 0x92, 0x32, 0x64, 0x41, 
0x08, 0x80, 0xbd, 0xff, 0xff, 0xff, 0xdf, 0xbf, 0xf7, 0xfc, 0xfb, 0xff, 0xff, 0xfe, 0x68, 0x99, 
0x97, 0xff, 0xfb, 0x75, 0x9f, 0xfe, 0x44, 0xc8, 0x63, 0x26, 0x44, 0x32, 0x52, 0x09, 0xf6, 0xb6, 
0xc9, 0x99, 0x32, 0x69, 0x65, 0x6f, 0xb2, 0x2f, 0xff, 0xff, 0xff, 0xff, 0x08, 0x12, 0x49, 0x88, 
0x12, 0x18, 0x20, 0x29, 0x1f, 0xff, 0xff, 0xff, 0x77, 0xff, 0x7f, 0xff, 0xff, 0xff, 0xff, 0xfb, 
0x96, 0x46, 0x6f, 0xff, 0x7f, 0xfd, 0xbf, 0xff, 0x11, 0x26, 0x32, 0xa4, 0x99, 0x0b, 0x4c, 0x89, 
0x59, 0x32, 0xe9, 0x4d, 0x25, 0x19, 0x35, 0xff, 0xa6, 0x4f, 0xff, 0xff, 0xf7, 0xef, 0x24, 0xc9, 
0x24, 0x09, 0x82, 0x42, 0x26, 0x08, 0x4f, 0xff, 0xff, 0xff, 0xfd, 0xdb, 0xff, 0x77, 0xf7, 0xff, 
0xff, 0xfe, 0xd1, 0x04, 0xf9, 0xff, 0xff, 0xfb, 0x9f, 0xfd, 0x84, 0x31, 0x8c, 0x99, 0x82, 0x49, 
0x29, 0xa4, 0x3f, 0xcd, 0x26, 0x64, 0xcd, 0x96, 0x96, 0xdf, 0xa9, 0x97, 0xff, 0xff, 0xff, 0xff, 
0x24, 0x24, 0x92, 0x64, 0x28, 0x41, 0x80, 0x92, 0x2f, 0xff, 0xff, 0xfe, 0xde, 0xff, 0xff, 0xff, 
0xff, 0xff, 0xff, 0xfc, 0x99, 0xb3, 0x97, 0xff, 0xff, 0xfb, 0x5f, 0xff, 0x24, 0xc9, 0x64, 0x86, 
0x64, 0x90, 0xa6, 0x33, 0x04, 0xf5, 0xb4, 0x92, 0x72, 0x62, 0xcb, 0xdf, 0xb9, 0x27, 0xff, 0xff, 
0xff, 0xff, 0x13, 0x24, 0x89, 0x12, 0x41, 0x14, 0x12, 0x04, 0x8d, 0xff, 0xff, 0xff, 0xf7, 0xb7, 
0xff, 0xff, 0xff, 0xff, 0xff, 0xf7, 0x0c, 0x49, 0x76, 0xff, 0xff, 0xfe, 0xcf, 0xff, 0x02, 0x4c, 
0x53, 0x30, 0x11, 0x26, 0x32, 0xc8, 0xc1, 0x3e, 0xd9, 0x9b, 0x1a, 0x49, 0x39, 0xbf, 0x96, 0x6f, 
0xff, 0xff, 0xff, 0xbf, 0x40, 0x82, 0x21, 0x02, 0x44, 0x00, 0x41, 0x24, 0x13, 0xff, 0xff, 0xff, 
0x77, 0xdf, 0x7f, 0x7f, 0xff, 0xff, 0xff, 0xf0, 0x66, 0x4d, 0x69, 0xff, 0xff, 0xf6, 0xef, 0xfb, 
0x92, 0x33, 0x19, 0x49, 0x92, 0x40, 0x89, 0x2c, 0x99, 0x0b, 0x4e, 0x64, 0xc9, 0x9d, 0x95, 0xff, 
0xe5, 0x97, 0xff, 0xff, 0xff, 0xfb, 0x18, 0x98, 0x90, 0xc8, 0x24, 0xa3, 0x0c, 0x41, 0x43, 0xff, 
0xff, 0xfd, 0xd8, 0x73, 0xdf, 0xff, 0xff, 0xff, 0xff, 0xed, 0x92, 0x36, 0xdd, 0xbf, 0xff, 0xfd, 
0xef, 0xff, 0x89, 0x84, 0xcc, 0x48, 0x48, 0x92, 0x4d, 0x26, 0x66, 0x49, 0xf6, 0x9c, 0xdc, 0xb2, 
0x67, 0x7f, 0xb3, 0x73, 0xff, 0xff, 0xfd, 0xff, 0x26, 0x44, 0x8c, 0x13, 0x10, 0x88, 0x20, 0x92, 
0x48, 0xef, 0xff, 0xf7, 0x9e, 0x96, 0xff, 0xff, 0xff, 0xff, 0xff, 0xc9, 0x11, 0x82, 0x96, 0x7f, 
0xff, 0xef, 0xed, 0xfd, 0xc8, 0x64, 0xa3, 0x26, 0x49, 0x24, 0x41, 0x93, 0x24, 0xd6, 0x73, 0xa7, 
0x33, 0x26, 0x6b, 0x7f, 0x9a, 0x4b, 0xff, 0xff, 0xff, 0xff, 0x20, 0x44, 0x61, 0x04, 0x42, 0x12, 
0x82, 0x24, 0x84, 0x03, 0xff, 0xff, 0xe2, 0x96, 0xf7, 0xff, 0xff, 0xff, 0xff, 0xd0, 0x4c, 0x01, 
0xb7, 0x6f, 0xff, 0xfb, 0xb7, 0xff, 0x46, 0x33, 0x32, 0x91, 0x24, 0x49, 0x32, 0x59, 0x99, 0x36, 
0x9e, 0xe9, 0x24, 0xc9, 0x9b, 0xff, 0xcc, 0x9b, 0xff, 0xff, 0xff, 0xff, 0x09, 0x31, 0x02, 0x48, 
0x48, 0x44, 0x32, 0x09, 0x31, 0x10, 0xff, 0xdf, 0x72, 0x36, 0xdf, 0xff, 0xff, 0xff, 0xff, 0xe6, 
0x4b, 0x24, 0x71, 0xbf, 0xff, 0xfe, 0xf7, 0xf7, 0xd1, 0x99, 0x4c, 0x91, 0x04, 0x92, 0x8c, 0xcc, 
0xcb, 0x29, 0xb7, 0x9a, 0xd9, 0x3a, 0x96, 0xff, 0xe5, 0xa7, 0xff, 0xff, 0xff, 0xff, 0x24, 0x81, 
0x18, 0x22, 0x05, 0x09, 0x01, 0x90, 0x00, 0x04, 0xff, 0xff, 0x64, 0x8d, 0xff, 0xff, 0xff, 0xff, 
0xff, 0xb9, 0x92, 0x88, 0x0f, 0x9b, 0xff, 0xef, 0xdf, 0xfc, 0xe4, 0x44, 0x92, 0x64, 0x92, 0x24, 
0xa4, 0x92, 0x66, 0xcd, 0x65, 0xf6, 0x4b, 0x26, 0x67, 0xff, 0xb6, 0x65, 0xff, 0xff, 0xff, 0xff, 
0x24, 0x8c, 0x41, 0x01, 0xb1, 0x20, 0x48, 0x00, 0x04, 0xa1, 0x7f, 0xfd, 0x91, 0xed, 0xbf, 0xff, 
0xff, 0xff, 0xff, 0xcd, 0x84, 0xd3, 0x1b, 0xef, 0xff, 0xff, 0x77, 0xff, 0xa4, 0xd6, 0xb3, 0x08, 
0x92, 0x49, 0x33, 0x32, 0x30, 0xd5, 0x58, 0x65, 0x64, 0xc9, 0x99, 0xff, 0xb2, 0x99, 0xff, 0xff, 
0xff, 0xff, 0x00, 0x22, 0x24, 0x98, 0x00, 0x00, 0x00, 0x26, 0x64, 0x98, 0x3f, 0xfe, 0xc0, 0x1f, 
0xbf, 0xff, 0xff, 0xff, 0xfd, 0xf6, 0x65, 0x64, 0x46, 0x76, 0xff, 0xfd, 0xf7, 0xfe, 0xf3, 0x12, 
0x4c, 0x9a, 0x41, 0x12, 0x49, 0x25, 0x8d, 0x32, 0x4b, 0x39, 0x94, 0x59, 0x9f, 0xff, 0xcc, 0xcb, 
0xff, 0xff, 0xff, 0xff, 0x1b, 0x20, 0x80, 0x00, 0x00, 0x12, 0x26, 0x20, 0x82, 0x06, 0xbe, 0xdb, 
0x49, 0xd3, 0xff, 0xff, 0xff, 0xff, 0xff, 0x76, 0xc5, 0x99, 0x01, 0xdb, 0xff, 0xff, 0xbb, 0xfb, 
0x98, 0x69, 0x48, 0xc2, 0x19, 0x24, 0x8c, 0xcc, 0x49, 0x2a, 0xa4, 0xcc, 0x93, 0x26, 0x67, 0xff, 
0xf7, 0x33, 0xff, 0xff, 0xff, 0xff, 0x40, 0x04, 0x00, 0x02, 0x4d, 0x84, 0x90, 0x98, 0x98, 0xc0, 
0xbf, 0xf9, 0x06, 0x7c, 0xdf, 0xff, 0xff, 0xff, 0xff, 0x59, 0x30, 0x8b, 0x13, 0x79, 0xbf, 0xbb, 
0xad, 0xfe, 0xfd, 0x8d, 0x33, 0x24, 0x84, 0x89, 0x32, 0x49, 0x62, 0x49, 0x94, 0x96, 0x69, 0xa4, 
0xbf, 0xff, 0xd1, 0x24, 0xff, 0xff, 0xff, 0xff, 0x00, 0x00, 0x09, 0xb2, 0x40, 0x64, 0x91, 0x06, 
0x49, 0x39, 0x3f, 0x7d, 0x91, 0xa6, 0xdf, 0xff, 0xff, 0xff, 0xed, 0xac, 0x9a, 0x64, 0xc4, 0x6c, 
0xef, 0xff, 0xcd, 0xfe, 0xcd, 0x32, 0x94, 0x24, 0xa4, 0x49, 0x43, 0x33, 0x1a, 0xc4, 0x53, 0x33, 
0x24, 0x35, 0x9f, 0xff, 0xfc, 0xcc, 0xff, 0xff, 0xff, 0xff, 0x00, 0x93, 0x24, 0x00, 0x92, 0x10, 
0x44, 0x61, 0x25, 0x04, 0x7f, 0xf4, 0x05, 0xee, 0x67, 0xff, 0xff, 0xff, 0xf6, 0xa6, 0x4b, 0x4c, 
0x81, 0x3e, 0x6e, 0xf6, 0xf3, 0xfb, 0xf6, 0xca, 0xc5, 0x92, 0x23, 0x26, 0x58, 0x92, 0x49, 0x35, 
0x24, 0xc9, 0x93, 0x49, 0x5f, 0xff, 0xcb, 0x32, 0x7f, 0xff, 0xff, 0xff, 0x12, 0x20, 0x10, 0x48, 
0x08, 0x85, 0x12, 0x19, 0x20, 0xc2, 0x5f, 0xf6, 0x4b, 0x7b, 0xbb, 0xff, 0xff, 0xff, 0xda, 0x51, 
0x69, 0x49, 0x30, 0x0f, 0x73, 0xfc, 0x9b, 0xff, 0x36, 0xcc, 0x68, 0x92, 0x18, 0x90, 0x8c, 0xcc, 
0xcc, 0x13, 0x29, 0x2c, 0x49, 0x4e, 0x7f, 0xff, 0xf2, 0x42, 0x7f, 0xff, 0xff, 0xff, 0x11, 0x08, 
0xc3, 0x0b, 0x24, 0xa4, 0x22, 0x84, 0x8a, 0x12, 0x3f, 0xf9, 0x33, 0x5f, 0xce, 0xff, 0xff, 0xff, 
0xeb, 0x49, 0x31, 0x21, 0x4c, 0x81, 0xb9, 0x09, 0x27, 0xfd, 0xed, 0xb3, 0x0a, 0x49, 0x40, 0x92, 
0x23, 0x24, 0x93, 0xc8, 0xca, 0x64, 0xcc, 0xb2, 0xbf, 0xff, 0xec, 0xd9, 0xbf, 0xff, 0xff, 0xff, 
0x04, 0x46, 0x08, 0x20, 0x92, 0x20, 0x88, 0xa4, 0x11, 0x10, 0xbf, 0xf9, 0x17, 0xf6, 0x35, 0xff, 
0xff, 0xff, 0xb4, 0x82, 0x14, 0x98, 0xc8, 0x34, 0x9c, 0x63, 0x23, 0xfe, 0xdb, 0x69, 0xb3, 0x24, 
0x46, 0x49, 0x20, 0x33, 0x30, 0x66, 0x12, 0x93, 0x26, 0x92, 0xbf, 0xff, 0xed, 0x09, 0x3f, 0xff, 
0xff, 0xff, 0x24, 0x10, 0x20, 0x84, 0x82, 0x4a, 0x49, 0x09, 0x11, 0x44, 0xbf, 0xf8, 0xcc, 0xfc, 
0x87, 0xff, 0xff, 0xfd, 0xe4, 0x92, 0x42, 0xc6, 0x33, 0x4c, 0x66, 0x92, 0x4b, 0xf7, 0x76, 0xcc, 
0x90, 0x92, 0x10, 0x49, 0x19, 0x89, 0x26, 0x11, 0xb4, 0x99, 0x30, 0xcc, 0xdf, 0xff, 0xf3, 0x64, 
0x7f, 0xff, 0xff, 0xff, 0x01, 0x21, 0x8c, 0x92, 0x24, 0x48, 0x44, 0x48, 0x48, 0x11, 0x3f, 0xfe, 
0x6f, 0xb9, 0xfb, 0xff, 0xff, 0xcf, 0xc9, 0x24, 0x09, 0x20, 0x84, 0x4b, 0x22, 0x94, 0x93, 0xfd, 
0xb6, 0xf6, 0x4c, 0x92, 0x93, 0x12, 0x44, 0x48, 0xc9, 0x99, 0x25, 0x44, 0x93, 0x25, 0x7f, 0xff, 
0xf2, 0x33, 0x3f, 0xff, 0xff, 0xff, 0x18, 0x48, 0x42, 0x49, 0x21, 0x05, 0x11, 0x12, 0x46, 0x21, 
0x3f, 0xf9, 0x1b, 0xe6, 0x4f, 0xff, 0xfb, 0x3f, 0xd9, 0x20, 0x25, 0x20, 0x21, 0x33, 0x9a, 0x44, 
0x93, 0xff, 0xbb, 0x33, 0x64, 0x64, 0x48, 0x42, 0x44, 0x52, 0x19, 0x66, 0x49, 0x32, 0xcc, 0xb5, 
0x3f, 0xff, 0xfc, 0x88, 0x9f, 0xff, 0xff, 0xff, 0x02, 0x46, 0x10, 0x24, 0x98, 0x31, 0x22, 0x12, 
0x20, 0x8c, 0x5f, 0xfc, 0xca, 0x79, 0xbf, 0xef, 0xcb, 0x76, 0xc4, 0x09, 0x36, 0x99, 0x07, 0xbc, 
0xc9, 0x22, 0x4b, 0xfb, 0xcd, 0xdd, 0x33, 0x09, 0x22, 0x49, 0x33, 0x15, 0x24, 0x04, 0xc8, 0x8a, 
0x24, 0x93, 0x9f, 0xff, 0xe6, 0xc8, 0x9f, 0xff, 0xff, 0xff, 0x62, 0x30, 0x93, 0x24, 0x82, 0x82, 
0x22, 0x41, 0x89, 0x20, 0x4f, 0xfc, 0xef, 0x09, 0x36, 0x32, 0x6c, 0xdb, 0xb0, 0x90, 0x49, 0x80, 
0x14, 0xef, 0x64, 0x99, 0x27, 0xfe, 0xf6, 0xdd, 0x98, 0x92, 0x24, 0x91, 0x08, 0x84, 0xc6, 0xd9, 
0x26, 0x49, 0xb3, 0x4c, 0xdf, 0xff, 0xfa, 0x56, 0x4f, 0xff, 0xff, 0xff, 0x08, 0x80, 0x88, 0x42, 
0x22, 0x18, 0x89, 0x2c, 0x12, 0x43, 0x2f, 0xfe, 0x31, 0xa4, 0xd4, 0x92, 0x26, 0x9b, 0x8a, 0x44, 
0x09, 0x64, 0xdf, 0xfb, 0xdc, 0x84, 0xb3, 0xfd, 0xb6, 0xe6, 0xcc, 0xc4, 0x89, 0x14, 0xc8, 0xb2, 
0x10, 0x92, 0x21, 0x32, 0x4a, 0x69, 0x7f, 0xff, 0xf9, 0x31, 0x4f, 0xff, 0xff, 0xff, 0x24, 0x0c, 
0x21, 0x18, 0x09, 0x01, 0x20, 0x80, 0x44, 0x18, 0x3f, 0xfc, 0xd0, 0xb2, 0x09, 0x19, 0x93, 0x66, 
0xc2, 0x49, 0x27, 0x46, 0xfb, 0xff, 0xfa, 0x64, 0x8b, 0xff, 0x6d, 0xbe, 0xe6, 0x31, 0x22, 0x44, 
0x26, 0x09, 0x29, 0x24, 0x99, 0x26, 0x4a, 0x96, 0x5f, 0xff, 0xf7, 0x24, 0x37, 0xff, 0xff, 0xff, 
0x25, 0x23, 0x14, 0x81, 0x40, 0x64, 0x46, 0x33, 0x21, 0x00, 0x9f, 0xfe, 0xd8, 0x00, 0xc8, 0x4c, 
0xd9, 0x6d, 0x10, 0x22, 0x49, 0x33, 0xbf, 0xf7, 0xfe, 0x49, 0x23, 0xfb, 0xdb, 0x6b, 0x33, 0x24, 
0x48, 0x93, 0x21, 0x64, 0xa6, 0x49, 0x84, 0xc9, 0xb2, 0x96, 0xdf, 0xff, 0xf9, 0x93, 0x87, 0xff, 
0xff, 0xff, 0x01, 0x20, 0xc4, 0x24, 0x32, 0x04, 0x90, 0x00, 0x08, 0x44, 0x9f, 0xfe, 0x4b, 0x44, 
0x22, 0x02, 0x2c, 0x99, 0x15, 0x88, 0x1b, 0x6f, 0xf7, 0xdf, 0xfe, 0x1a, 0x6b, 0xfe, 0xf6, 0xdb, 
0xd9, 0x9a, 0x49, 0x20, 0x99, 0x12, 0x10, 0x92, 0x64, 0x99, 0x26, 0x69, 0x3f, 0xff, 0xfc, 0xc8, 
0x57, 0xff, 0xff, 0xff, 0x58, 0x8c, 0x09, 0x04, 0x84, 0x90, 0x11, 0x11, 0x12, 0x12, 0x2f, 0xfe, 
0xc0, 0x91, 0x28, 0x82, 0x86, 0x96, 0x44, 0x64, 0xa7, 0x7f, 0xff, 0xff, 0xfb, 0x92, 0x9b, 0xfe, 
0xdd, 0xb6, 0xec, 0xc9, 0x92, 0x4c, 0x84, 0x92, 0x49, 0x92, 0x13, 0x26, 0x4d, 0x6d, 0xff, 0xff, 
0xfc, 0x6c, 0x53, 0xff, 0xff, 0xff, 0x06, 0x21, 0x20, 0x51, 0x08, 0x13, 0x44, 0xc4, 0xc0, 0x80, 
0x2f, 0xfe, 0xb6, 0x19, 0x24, 0x20, 0xd2, 0x64, 0x49, 0x10, 0x33, 0x9f, 0xff, 0xff, 0xff, 0x10, 
0xd3, 0xff, 0x6d, 0xbd, 0xbe, 0x64, 0x24, 0x92, 0x64, 0x89, 0x8a, 0x49, 0x92, 0x64, 0xd9, 0x9f, 
0xff, 0xff, 0xfb, 0x23, 0x2b, 0xff, 0xff, 0xff, 0x20, 0x40, 0x24, 0x84, 0x49, 0x00, 0x04, 0x08, 
0x08, 0x25, 0x3f, 0xff, 0x24, 0x00, 0x91, 0x29, 0x12, 0x49, 0x09, 0x18, 0x4c, 0xff, 0xff, 0xff, 
0xff, 0x4d, 0x77, 0xfd, 0xb6, 0xcd, 0xb3, 0x33, 0x24, 0x92, 0x49, 0x28, 0x32, 0x4c, 0x68, 0x99, 
0x92, 0xbf, 0xff, 0xff, 0xfe, 0x99, 0x89, 0xff, 0xff, 0xff, 0x29, 0x1a, 0x84, 0x90, 0x42, 0x64, 
0xb1, 0x22, 0x23, 0x11, 0x1f, 0xff, 0x18, 0x6c, 0x92, 0x00, 0x09, 0x10, 0x24, 0xc2, 0x53, 0x7f, 
0xff, 0xff, 0xff, 0x43, 0x67, 0xff, 0xb6, 0xf7, 0x6f, 0x99, 0x99, 0x25, 0x29, 0x66, 0x44, 0x92, 
0x4d, 0x93, 0x36, 0x7f, 0xff, 0xff, 0xfc, 0xc4, 0x65, 0xff, 0xff, 0xff, 0x01, 0x00, 0x92, 0x13, 
0x30, 0x89, 0x02, 0x00, 0x80, 0x44, 0x8f, 0xff, 0x80, 0x92, 0x48, 0xc4, 0x21, 0x26, 0x92, 0x60, 
0x13, 0xff, 0xff, 0xf7, 0xfd, 0xb2, 0xfb, 0xfe, 0xfb, 0x37, 0x6c, 0xe4, 0xc5, 0x2c, 0x92, 0x11, 
0x49, 0x23, 0x11, 0x66, 0x65, 0xff, 0xff, 0xff, 0xff, 0x36, 0x49, 0xff, 0xff, 0xff, 0x10, 0x64, 
0x48, 0x44, 0x04, 0x08, 0x48, 0x92, 0x10, 0x00, 0x27, 0xff, 0x69, 0x92, 0x48, 0x11, 0x04, 0x80, 
0x93, 0x09, 0x2c, 0xff, 0xff, 0xff, 0xff, 0x8a, 0xd3, 0xff, 0x4d, 0xd9, 0xdf, 0xee, 0x64, 0xc8, 
0xd6, 0x92, 0x22, 0x48, 0xcc, 0x4c, 0xcd, 0xff, 0xff, 0xff, 0xfe, 0x49, 0x9a, 0x7f, 0xff, 0xff, 
0x08, 0x85, 0x09, 0x20, 0xc9, 0x42, 0x00, 0x00, 0x44, 0x99, 0x1f, 0xff, 0x28, 0x68, 0x26, 0x24, 
0x44, 0x30, 0x44, 0x82, 0x27, 0xbf, 0xff, 0xff, 0xfe, 0xc3, 0x57, 0xff, 0x76, 0xde, 0xdb, 0x39, 
0x32, 0x53, 0x08, 0xca, 0x98, 0x94, 0xa6, 0x99, 0x9b, 0xff, 0xff, 0xff, 0xfe, 0xc9, 0x22, 0x7f, 
0xff, 0xff, 0x62, 0x10, 0x20, 0x88, 0x08, 0x50, 0x93, 0x2c, 0x02, 0x02, 0x4f, 0xff, 0x89, 0x29, 
0xb1, 0xac, 0xb0, 0x46, 0x50, 0xb2, 0x0a, 0xdf, 0xff, 0xff, 0xfb, 0x35, 0xb3, 0xff, 0xbb, 0x66, 
0xed, 0xdb, 0x9b, 0x34, 0xe2, 0x48, 0xc6, 0x25, 0x32, 0xb3, 0x37, 0xff, 0xff, 0xff, 0xfe, 0xb2, 
0x69, 0x7f, 0xff, 0xff, 0x04, 0x42, 0x24, 0x13, 0x22, 0x04, 0x20, 0x01, 0x28, 0x60, 0x4f, 0xff, 
0xb3, 0x0c, 0xcd, 0x7b, 0x82, 0x00, 0x92, 0x00, 0x5a, 0xff, 0xff, 0xfe, 0xff, 0x84, 0xe7, 0xfe, 
0xed, 0xbb, 0x36, 0xee, 0xc9, 0x8c, 0x36, 0x33, 0x21, 0x89, 0x19, 0x66, 0x6f, 0xff, 0xff, 0xff, 
0xfe, 0x8c, 0x8c, 0x7f, 0xff, 0xff, 0x11, 0x08, 0x81, 0x40, 0x08, 0x89, 0x08, 0xc1, 0x01, 0x09, 
0x13, 0xff, 0xc4, 0xd2, 0x7f, 0x6e, 0xc9, 0x09, 0x02, 0x64, 0x87, 0xff, 0xff, 0xff, 0xee, 0xcb, 
0x67, 0xff, 0xdd, 0xbb, 0xdb, 0xbb, 0x6c, 0xcb, 0x11, 0x8c, 0x28, 0x66, 0xcd, 0x19, 0xdf, 0xff, 
0xff, 0xff, 0xff, 0x63, 0x32, 0x3f, 0xff, 0xff, 0x02, 0x22, 0x12, 0x2c, 0xc4, 0x80, 0x42, 0x32, 
0x44, 0x89, 0x07, 0xff, 0xd0, 0x93, 0x6f, 0xfe, 0x78, 0x41, 0x2b, 0x10, 0xa5, 0x7d, 0xff, 0xff, 
0xfc, 0xd3, 0xdb, 0xff, 0x73, 0x6c, 0xed, 0xb7, 0x66, 0x72, 0xcc, 0xc1, 0x8e, 0x10, 0xa4, 0xdb, 
0x7f, 0xff, 0xff, 0xff, 0xff, 0x12, 0x43, 0x3f, 0xff, 0xff, 0x28, 0x82, 0x48, 0x82, 0x30, 0x32, 
0x48, 0x08, 0x10, 0x24, 0x67, 0xff, 0xd2, 0x3d, 0xbd, 0xdb, 0xc2, 0x10, 0x24, 0x5a, 0x33, 0x7f, 
0xff, 0xff, 0xfd, 0x96, 0xcf, 0xff, 0xae, 0xcf, 0x3d, 0xdd, 0xbb, 0x34, 0xa6, 0x36, 0x51, 0x9b, 
0x33, 0x66, 0xff, 0xff, 0xff, 0xff, 0xff, 0x58, 0xcc, 0x9f, 0xff, 0xff, 0x08, 0x58, 0x49, 0x31, 
0x03, 0x02, 0x09, 0x04, 0x92, 0x42, 0x13, 0xff, 0xe1, 0x62, 0xf7, 0xfb, 0x24, 0x86, 0x44, 0x62, 
0x5b, 0xbf, 0xdf, 0xff, 0xfb, 0x25, 0xbf, 0xfe, 0xed, 0xb3, 0xd6, 0x6d, 0xed, 0xcd, 0x31, 0x90, 
0x44, 0x62, 0x4d, 0x37, 0xff, 0xff, 0xff, 0xff, 0xff, 0x45, 0x20, 0x9f, 0xff, 0xff, 0x02, 0x01, 
0x00, 0x44, 0x48, 0x48, 0xa1, 0x24, 0x84, 0x90, 0x07, 0xff, 0xec, 0x4b, 0x7e, 0x66, 0xed, 0x20, 
0xd9, 0xb4, 0x9e, 0xef, 0xff, 0xff, 0xf6, 0x69, 0xbf, 0xff, 0xf6, 0x7c, 0xdb, 0xb7, 0x6d, 0xdb, 
0x4c, 0x4d, 0xa9, 0x19, 0x99, 0xdf, 0xff, 0xff, 0xff, 0xff, 0xff, 0x65, 0x33, 0x2f, 0xfd, 0xff, 
0x60, 0x84, 0x26, 0x02, 0x04, 0x40, 0x84, 0x20, 0x20, 0x00, 0x27, 0xff, 0xf2, 0x33, 0x6d, 0xde, 
0x9b, 0x01, 0x0a, 0x19, 0xa7, 0xbf, 0xff, 0xff, 0xdc, 0xce, 0xff, 0xff, 0xb3, 0xcf, 0x6d, 0xdb, 
0x7b, 0x66, 0xcb, 0x64, 0x9a, 0xc4, 0xd6, 0xff, 0xff, 0xff, 0xff, 0xff, 0xff, 0x90, 0xcc, 0x4f, 
0xff, 0xff, 0x0c, 0x50, 0x80, 0xa8, 0xa5, 0x14, 0x10, 0x80, 0x00, 0x02, 0x37, 0xff, 0xf6, 0x99, 
0xf7, 0xff, 0x6c, 0xc9, 0x3b, 0x6e, 0x6d, 0xb7, 0xff, 0xff, 0xf3, 0x32, 0xff, 0xfe, 0xfd, 0x33, 
0x6d, 0x6d, 0x9f, 0x79, 0xb2, 0x32, 0x42, 0x36, 0x67, 0xff, 0xff, 0xff, 0xff, 0xff, 0xff, 0x96, 
0x09, 0x47, 0xff, 0xbf, 0x01, 0x02, 0x30, 0x84, 0x88, 0x00, 0x00, 0x01, 0x12, 0x48, 0x87, 0xff, 
0xf9, 0x9b, 0x3f, 0xff, 0x67, 0x24, 0xc9, 0xb2, 0x59, 0xff, 0xff, 0xff, 0xb7, 0x33, 0xff, 0xff, 
0xd9, 0xed, 0xb7, 0x6d, 0xf7, 0x9e, 0x64, 0x9b, 0x35, 0x99, 0xbf, 0xff, 0xff, 0xff, 0xff, 0xff, 
0xff, 0xc9, 0xb3, 0x33, 0xff, 0xff, 0x20, 0x22, 0x46, 0x10, 0x00, 0x00, 0x02, 0x11, 0x00, 0x02, 
0x4d, 0xff, 0xfa, 0x66, 0xef, 0xff, 0xfd, 0xb4, 0x66, 0xd9, 0x97, 0xdb, 0xff, 0xff, 0xdc, 0xcd, 
0xff, 0xff, 0x76, 0xbd, 0xb6, 0xdb, 0x6c, 0xf7, 0x9d, 0xc9, 0x94, 0xcd, 0xbf, 0xff, 0xff, 0xff, 
0xff, 0xff, 0xff, 0xa2, 0x44, 0x8b, 0xff, 0xff, 0x1a, 0x10, 0x00, 0x00, 0x00, 0x13, 0x20, 0x84, 
0x49, 0x24, 0x4d, 0xff, 0xfe, 0xec, 0xfb, 0xff, 0xfe, 0xdb, 0x77, 0xcd, 0xe6, 0x7f, 0xff, 0xfe, 
0xf3, 0x27, 0xff, 0xff, 0xee, 0x93, 0x6d, 0xb6, 0xdb, 0xed, 0xe6, 0x64, 0xca, 0x67, 0xff, 0xff, 
0xff, 0xff, 0xff, 0xff, 0xff, 0xb2, 0x54, 0x89, 0xff, 0xdf, 0x00, 0x00, 0x00, 0x02, 0x4b, 0x40, 
0x2c, 0x24, 0x00, 0x11, 0x27, 0xff, 0xf5, 0x33, 0x3f, 0xff, 0xff, 0xdb, 0x1d, 0x7f, 0x6f, 0x6f, 
0x6e, 0xfb, 0xbd, 0x33, 0xff, 0xff, 0xb9, 0xee, 0xdb, 0x6d, 0xb7, 0x3d, 0x7b, 0x36, 0x6b, 0xbf, 
0xff, 0xff, 0xff, 0xff, 0xff, 0xff, 0xff, 0xcc, 0x92, 0x64, 0xff, 0xff, 0x00, 0x01, 0x12, 0x48, 
0x40, 0x0c, 0x82, 0x49, 0x24, 0x92, 0x79, 0xff, 0xfd, 0x1b, 0x2f, 0xff, 0xff, 0xdc, 0xf9, 0xb3, 
0x99, 0xbd, 0xff, 0xff, 0xcc, 0x8f, 0xff, 0xff, 0xb7, 0x3a, 0xdb, 0x6d, 0xbd, 0xf7, 0x9b, 0xdb, 
0x6f, 0xff, 0xff, 0xff, 0xff, 0xff, 0xff, 0xff, 0xff, 0xc1, 0x8b, 0x24, 0xff, 0xfb, 0x09, 0x99, 
0x00, 0x21, 0x24, 0xa0, 0x90, 0x80, 0x40, 0x89, 0x33, 0xff, 0xfe, 0xcc, 0xcf, 0xff, 0xff, 0xf3, 
0xce, 0xa4, 0xf9, 0xf7, 0xbf, 0xfd, 0xf2, 0xcf, 0xbf, 0xff, 0xed, 0xa7, 0x6d, 0xb6, 0xcd, 0x9b, 
0xfd, 0xdb, 0xbd, 0x7f, 0xff, 0xff, 0xff, 0xff, 0xff, 0xff, 0xff, 0xf4, 0x68, 0x92, 0xff, 0xff, 
0x20, 0x42, 0x4c, 0x84, 0x80, 0x82, 0x04, 0x24, 0x12, 0x65, 0xd0, 0xff, 0xfe, 0xe6, 0xd9, 0xff, 
0xff, 0xfe, 0x76, 0xfd, 0x2e, 0x7e, 0xfb, 0xef, 0x7b, 0x3f, 0xff, 0xff, 0xdc, 0xfd, 0xb6, 0xdb, 
0x76, 0xec, 0xcd, 0xbe, 0xf7, 0xff, 0xff, 0xff, 0xff, 0xff, 0xff, 0xff, 0xff, 0xcb, 0x09, 0x92, 
0x7f, 0xff, 0x06, 0x08, 0x90, 0x44, 0x1a, 0x10, 0x41, 0x01, 0x04, 0x10, 0xd8, 0xff, 0xff, 0x33, 
0x27, 0xff, 0xff, 0xff, 0xb3, 0xcf, 0x27, 0xaf, 0xff, 0x7b, 0xcd, 0x37, 0xff, 0xff, 0xdf, 0x19, 
0x9b, 0x6d, 0xb6, 0xef, 0x76, 0xed, 0xda, 0x87, 0xff, 0xff, 0xff, 0xff, 0xff, 0xff, 0xff, 0xe8, 
0xb2, 0x64, 0x7f, 0xff, 0x10, 0xa0, 0x03, 0x11, 0x40, 0x44, 0x50, 0x48, 0x45, 0x9f, 0xb2, 0xff, 
0xff, 0x9d, 0xb6, 0xfd, 0xff, 0xff, 0xaf, 0x33, 0xb5, 0xbb, 0x7d, 0xfb, 0x36, 0xdf, 0xff, 0xff, 
0xf3, 0x66, 0xed, 0xb6, 0xdb, 0x33, 0x77, 0x6d, 0xbe, 0x21, 0xff, 0xff, 0xff, 0xff, 0xff, 0xff, 
0xff, 0xe4, 0x86, 0x24, 0xbf, 0xff, 0x20, 0x12, 0x68, 0x00, 0x04, 0x09, 0x04, 0x02, 0x12, 0xef, 
0x70, 0xff, 0xff, 0xcc, 0xca, 0xff, 0xff, 0xff, 0x6c, 0xfc, 0xf6, 0xff, 0xdf, 0xb7, 0xb6, 0xff, 
0xff, 0xff, 0xfd, 0xb6, 0xb6, 0xdb, 0x59, 0x9d, 0x99, 0xbb, 0xa7, 0x28, 0x1f, 0xff, 0xff, 0xff, 
0xff, 0xff, 0xff, 0xe4, 0x69, 0x99, 0x3f, 0xff, 0x2b, 0x00, 0x80, 0xa4, 0xa2, 0x20, 0x21, 0x20, 
0x93, 0x6d, 0xf0, 0xdf, 0xff, 0xe6, 0x6b, 0x6f, 0xff, 0xfd, 0x9e, 0x8d, 0x5b, 0xd9, 0xdb, 0xed, 
0xfd, 0xef, 0xff, 0xff, 0xce, 0x9b, 0x6d, 0xb5, 0xd6, 0xed, 0xbe, 0xdb, 0x7c, 0x86, 0x41, 0xff, 
0xff, 0xff, 0xff, 0xff, 0xff, 0xe5, 0x18, 0x42, 0x4f, 0xff, 0x00, 0x4c, 0x12, 0x10, 0x22, 0x44, 
0x88, 0x08, 0x4d, 0xff, 0xe2, 0xdf, 0xff, 0xf3, 0x34, 0xdd, 0xff, 0xff, 0xff, 0xe7, 0x5b, 0x6f, 
0x7f, 0xeb, 0xff, 0xff, 0xff, 0xdf, 0xfb, 0xcb, 0x59, 0xb6, 0x76, 0xe6, 0x66, 0xdd, 0xdd, 0x90, 
0x58, 0x7f, 0xff, 0xff, 0xff, 0xff, 0xff, 0xf1, 0x46, 0x4a, 0x4f, 0xff, 0x14, 0x91, 0x09, 0x43, 
0x08, 0x40, 0x02, 0x43, 0x2d, 0xff, 0xf0, 0x6f, 0xff, 0xf9, 0x96, 0xf7, 0xff, 0xff, 0x37, 0xdb, 
0xef, 0x7f, 0xfe, 0xfb, 0xff, 0xbf, 0xff, 0xff, 0xfd, 0x6c, 0xd6, 0xcf, 0x6d, 0x3b, 0xdb, 0x66, 
0xdd, 0x49, 0x0e, 0x03, 0xff, 0xff, 0xff, 0xff, 0xff, 0xe4, 0x41, 0x99, 0x0f, 0xff, 0x10, 0x80, 
0x80, 0x08, 0x01, 0x09, 0x20, 0x10, 0xef, 0xff, 0xf1, 0x6f, 0xff, 0xed, 0xda, 0x3f, 0xbf, 0xff, 
0xb3, 0xfc, 0xbd, 0xff, 0xff, 0xb7, 0xfe, 0xff, 0xff, 0xff, 0xe7, 0x36, 0xde, 0xf9, 0x99, 0xcc, 
0xdb, 0x7b, 0x7c, 0x49, 0x23, 0xb0, 0x1f, 0xff, 0xff, 0xff, 0xff, 0xe4, 0x98, 0x24, 0xa7, 0xff, 
0x42, 0x24, 0x24, 0x80, 0x90, 0x20, 0x09, 0x06, 0x5b, 0xfe, 0xe4, 0x4f, 0xff, 0xf6, 0x6b, 0xad, 
0xff, 0xff, 0xcd, 0xe7, 0xf7, 0xfd, 0xfd, 0xf5, 0xff, 0xff, 0xff, 0xff, 0xfe, 0xd3, 0x33, 0x2d, 
0xb6, 0xdb, 0x36, 0xdb, 0xff, 0x32, 0x68, 0x9d, 0x80, 0xff, 0xff, 0xff, 0xff, 0xf2, 0x26, 0x64, 
0xa3, 0xff, 0x08, 0x01, 0x00, 0x24, 0x04, 0x84, 0x90, 0x49, 0x5f, 0xff, 0xf0, 0x67, 0xff, 0xf9, 
0xac, 0xde, 0x7f, 0xff, 0x75, 0xfb, 0x5f, 0xef, 0xff, 0xdd, 0xff, 0xff, 0xff, 0xff, 0xfb, 0x99, 
0xad, 0xe6, 0xe6, 0x73, 0xed, 0xb6, 0xfd, 0x84, 0x8c, 0xc4, 0x66, 0x07, 0xff, 0xff, 0xff, 0xe2, 
0x41, 0x12, 0x19, 0xff, 0x01, 0x10, 0x49, 0x01, 0x21, 0x10, 0x04, 0x11, 0x67, 0xff, 0xe2, 0x6f, 
0xff, 0xfe, 0xb6, 0x53, 0xbf, 0xff, 0xdb, 0xfb, 0x6d, 0xbf, 0xbf, 0xda, 0xfc, 0xff, 0xff, 0xff, 
0xfb, 0x6c, 0xec, 0x9a, 0x9b, 0x4c, 0xad, 0xb6, 0xfe, 0xd4, 0xb3, 0x33, 0x11, 0x20, 0x7f, 0xff, 
0xff, 0xe9, 0x19, 0x12, 0x44, 0xff, 0x10, 0x44, 0x00, 0x48, 0x08, 0x42, 0x41, 0x26, 0x77, 0xff, 
0xf0, 0x23, 0xff, 0xfe, 0xcb, 0xad, 0x9f, 0xff, 0xda, 0xfc, 0xef, 0xfd, 0xfb, 0x6e, 0xff, 0xff, 
0xff, 0xff, 0xff, 0x66, 0x53, 0xfb, 0x79, 0xdf, 0xb6, 0xdb, 0xff, 0x33, 0x24, 0x88, 0x91, 0x29, 
0x01, 0x7f, 0xff, 0xe4, 0x84, 0xc4, 0x90, 0xff, 0x24, 0x01, 0x24, 0x02, 0x42, 0x08, 0x10, 0x4c, 
0xdf, 0xff, 0xf1, 0x27, 0xff, 0xff, 0x69, 0xad, 0xdb, 0xff, 0xf9, 0xff, 0x33, 0x6f, 0x7f, 0xec, 
0x7f, 0xff, 0xff, 0xff, 0xf5, 0x9b, 0x5d, 0x27, 0x4e, 0x72, 0x73, 0x6d, 0xff, 0xa9, 0x5c, 0xcc, 
0x8c, 0x89, 0x98, 0x09, 0xbf, 0xc4, 0xa4, 0x21, 0x26, 0x7f, 0x01, 0x20, 0x01, 0x30, 0x10, 0x80, 
0x84, 0x91, 0x7f, 0xff, 0xe4, 0x63, 0xff, 0xff, 0x36, 0x72, 0x6f, 0xff, 0xfc, 0x7f, 0x5d, 0xfb, 
0xfe, 0xf3, 0x3f, 0xff, 0xff, 0xff, 0xfd, 0xb3, 0x66, 0xdc, 0xd3, 0x9b, 0xcd, 0xb7, 0xff, 0xed, 
0x53, 0x33, 0x22, 0x46, 0x66, 0xc8, 0x23, 0xf1, 0x23, 0x09, 0x24, 0x3f, 0x10, 0x08, 0x90, 0x04, 
0x84, 0x24, 0x21, 0x32, 0x7f, 0xff, 0xe2, 0x23, 0xff, 0xff, 0x96, 0xdb, 0xb7, 0xbf, 0xf3, 0x7f, 
0x4d, 0xbe, 0xdf, 0x9f, 0xbe, 0xff, 0xff, 0xff, 0xff, 0xac, 0xb2, 0xd3, 0x3c, 0xcd, 0x3d, 0x9f, 
0xff, 0xf6, 0xcd, 0x24, 0x62, 0x50, 0x24, 0xa6, 0x48, 0x12, 0x48, 0x48, 0x91, 0x9f, 0x04, 0x84, 
0x04, 0x81, 0x21, 0x01, 0x09, 0x48, 0x3f, 0xff, 0xf0, 0x91, 0xff, 0xff, 0xd9, 0x8c, 0xd5, 0xff, 
0xf9, 0x3b, 0xb6, 0xef, 0xdd, 0xe8, 0xcf, 0xff, 0xff, 0xff, 0xfa, 0xcd, 0x9b, 0x3b, 0x66, 0x75, 
0xe6, 0x6f, 0xff, 0xfe, 0xb5, 0xd9, 0x99, 0x13, 0x29, 0x21, 0x12, 0x48, 0x92, 0x46, 0x12, 0x0f, 
0x20, 0x21, 0x21, 0x20, 0x08, 0x48, 0x46, 0x45, 0x9f, 0xff, 0xf1, 0x11, 0xff, 0xff, 0xed, 0x67, 
0x5d, 0xff, 0xfc, 0xde, 0xd3, 0x6d, 0x6f, 0x6e, 0x6f, 0xff, 0xff, 0xff, 0xfe, 0xd3, 0x6d, 0xac, 
0xdb, 0x9b, 0x3b, 0xef, 0xff, 0xff, 0xb2, 0x4a, 0x04, 0x88, 0x8b, 0x4c, 0x90, 0x89, 0x24, 0x90, 
0x44, 0xc3, 0x09, 0x08, 0x08, 0x08, 0x82, 0x02, 0x12, 0x90, 0xdf, 0xff, 0xe4, 0x12, 0xff, 0xff, 
0xe6, 0x73, 0x66, 0x6f, 0xfd, 0x5f, 0xd9, 0xbd, 0xbf, 0x73, 0x20, 0xff, 0xff, 0xff, 0xfd, 0xb6, 
0x64, 0xcd, 0x99, 0xac, 0xca, 0x7f, 0xff, 0xff, 0xee, 0x66, 0xe4, 0xa6, 0x62, 0x52, 0x4c, 0x24, 
0x49, 0x09, 0x24, 0x11, 0x01, 0x02, 0x42, 0x02, 0x20, 0x90, 0xbe, 0xec, 0x7f, 0xff, 0xf0, 0x88, 
0xff, 0xff, 0xfb, 0x9a, 0xb6, 0xff, 0xff, 0x3f, 0x6c, 0xd6, 0xd3, 0x99, 0xb6, 0x7f, 0xff, 0xff, 
0xfd, 0xac, 0x9b, 0x73, 0x66, 0x67, 0x6f, 0x5f, 0xff, 0xff, 0xfd, 0x99, 0x23, 0x24, 0x58, 0x92, 
0x43, 0x12, 0x42, 0x62, 0x21, 0x24, 0x44, 0x40, 0x10, 0x90, 0x08, 0x04, 0xad, 0xad, 0x7f, 0xff, 
0xf2, 0x21, 0x7f, 0xff, 0xf9, 0xac, 0xd9, 0x9d, 0xfe, 0xcc, 0xce, 0x76, 0xdb, 0xec, 0xc9, 0x3f, 
0xff, 0xff, 0xff, 0xa9, 0xb3, 0x36, 0x6d, 0x99, 0xb1, 0xdf, 0xff, 0xff, 0xff, 0xc9, 0x38, 0x49, 
0x84, 0xa4, 0x90, 0xc2, 0x10, 0x04, 0x89, 0x02, 0x10, 0x11, 0x04, 0x04, 0x82, 0x41, 0x6d, 0xf3, 
0x7f, 0xff, 0xf2, 0x45, 0x7f, 0xff, 0xfe, 0x67, 0x4f, 0x67, 0x77, 0xfc, 0xf3, 0x2b, 0x2d, 0xb6, 
0x49, 0x9f, 0xff, 0xfd, 0xfe, 0xdb, 0x4c, 0xcd, 0x99, 0xba, 0x9e, 0xff, 0xff, 0xff, 0xff, 0xf6, 
0xc6, 0xd2, 0x64, 0x24, 0x94, 0x09, 0x25, 0x24, 0x88, 0xc8, 0x82, 0x10, 0x41, 0x20, 0x20, 0x13, 
0x7f, 0xda, 0x9f, 0xff, 0xf8, 0x44, 0x9f, 0xff, 0xf6, 0xd9, 0x72, 0x6f, 0xff, 0xf9, 0x79, 0xa9, 
0xa5, 0xb3, 0x66, 0x4f, 0xff, 0xff, 0xfe, 0xd2, 0x6d, 0xb3, 0x66, 0x66, 0xd2, 0xbf, 0xff, 0xff, 
0xff, 0xfc, 0xb2, 0x14, 0x9b, 0x12, 0x45, 0x24, 0x89, 0x20, 0x46, 0x11, 0x20, 0x86, 0x10, 0x09, 
0x09, 0x09, 0xdf, 0xfe, 0xff, 0xff, 0xf9, 0x20, 0xdf, 0xff, 0xff, 0x36, 0x9d, 0x99, 0xbf, 0xf3, 
0x6c, 0xd6, 0xda, 0xcd, 0x32, 0x63, 0xff, 0xff, 0xf7, 0x9c, 0xb3, 0x36, 0x6d, 0x99, 0x6d, 0xbf, 
0xff, 0xff, 0xff, 0xff, 0xad, 0xa5, 0x99, 0xc9, 0x21, 0x24, 0x92, 0x19, 0x10, 0x44, 0x0c, 0x20, 
0x84, 0x80, 0x40, 0x4d, 0xff, 0xff, 0x6f, 0xff, 0xf9, 0x22, 0x5f, 0xff, 0xfb, 0xcc, 0xe5, 0xd2, 
0xdf, 0x7c, 0xa2, 0x52, 0x52, 0x75, 0x99, 0x8b, 0xff, 0xff, 0xfe, 0xe5, 0x96, 0x4c, 0x99, 0xb7, 
0x2d, 0xff, 0xff, 0xff, 0xff, 0xff, 0xec, 0xa9, 0x24, 0x64, 0x98, 0xc9, 0x24, 0xc2, 0x41, 0x24, 
0x81, 0x08, 0x20, 0x24, 0x12, 0x07, 0x7b, 0xef, 0xff, 0xff, 0xf9, 0x98, 0x67, 0xff, 0xfe, 0xdb, 
0x36, 0x7c, 0xd9, 0xff, 0xb0, 0x99, 0x55, 0xb2, 0x4c, 0xa1, 0xff, 0xff, 0xee, 0xb3, 0x59, 0xd9, 
0xd6, 0x64, 0xdb, 0x7f, 0xff, 0xff, 0xff, 0xff, 0xfe, 0xb2, 0x4e, 0x32, 0xc6, 0x12, 0x49, 0x12, 
0x4c, 0x12, 0x20, 0x41, 0x09, 0x01, 0x00, 0x9b, 0xfe, 0xfb, 0xff, 0xff, 0xfc, 0x89, 0x37, 0xff, 
0xff, 0x73, 0x5b, 0x27, 0x3f, 0xbd, 0xf0, 0x8d, 0x4c, 0xce, 0x66, 0x54, 0xff, 0xff, 0xff, 0x9a, 
0x66, 0x66, 0x66, 0xcd, 0x9b, 0x7f, 0xff, 0xff, 0xff, 0xff, 0xff, 0xce, 0xd3, 0x8a, 0x31, 0x32, 
0x49, 0x24, 0x91, 0x88, 0x08, 0x10, 0x40, 0x10, 0x48, 0x9b, 0xdc, 0x9f, 0x7f, 0xff, 0xfe, 0x64, 
0x59, 0xff, 0xff, 0xdc, 0xc9, 0xdb, 0x66, 0xef, 0x78, 0x62, 0x62, 0x71, 0x93, 0x52, 0x7f, 0xff, 
0x7f, 0x69, 0x9b, 0x36, 0xb9, 0xb3, 0x6d, 0xff, 0xff, 0xff, 0xff, 0xff, 0xff, 0xf9, 0x90, 0xc9, 
0x8c, 0xc9, 0x92, 0x64, 0x90, 0x23, 0x02, 0x04, 0x04, 0x84, 0x88, 0x37, 0xf1, 0x07, 0xff, 0xff, 
0xfc, 0xa6, 0x0d, 0xff, 0xff, 0xd6, 0xb6, 0x5b, 0xdd, 0xfb, 0x99, 0x1a, 0x9b, 0x36, 0x69, 0x22, 
0x7f, 0xff, 0xff, 0x66, 0x49, 0x99, 0x96, 0x5a, 0x67, 0xff, 0xff, 0xff, 0xff, 0xff, 0xff, 0xff, 
0x6e, 0x64, 0xca, 0x4c, 0x66, 0x12, 0x4a, 0x48, 0x40, 0x81, 0x20, 0x20, 0x22, 0x6f, 0x64, 0x60, 
0xdf, 0xff, 0xff, 0x93, 0x26, 0xff, 0xff, 0xf3, 0x26, 0xcc, 0xdb, 0x76, 0xf4, 0x92, 0x91, 0x2a, 
0x6c, 0xac, 0xbf, 0xff, 0xef, 0x99, 0xb6, 0xcd, 0x66, 0xcd, 0x9d, 0xff, 0xff, 0xff, 0xff, 0xff, 
0xff, 0xff, 0xcb, 0x36, 0x73, 0x33, 0x29, 0x92, 0x42, 0x40, 0x10, 0x20, 0x09, 0x09, 0x00, 0x7f, 
0xc4, 0x98, 0x7f, 0xff, 0xfe, 0x59, 0x93, 0x7f, 0xff, 0xed, 0xb9, 0xb6, 0x66, 0xdf, 0x6c, 0x92, 
0x64, 0xcb, 0x12, 0x91, 0x3f, 0xff, 0xfe, 0xd9, 0x94, 0xe6, 0x69, 0xb5, 0xb7, 0xff, 0xff, 0xff, 
0xff, 0xff, 0xff, 0xff, 0xf9, 0x9b, 0x35, 0x92, 0x98, 0x91, 0x31, 0x16, 0x04, 0x08, 0x80, 0x40, 
0x49, 0x5e, 0x92, 0x03, 0x3f, 0xff, 0xff, 0xc8, 0xd9, 0x9f, 0xff, 0xfc, 0xcd, 0x33, 0xb6, 0xb9, 
0xec, 0x4d, 0x2c, 0x99, 0x92, 0x54, 0x5f, 0xff, 0xf7, 0xc6, 0x67, 0x33, 0x9b, 0x36, 0x6e, 0xff, 
0xff, 0xff, 0xff, 0xff, 0xff, 0xff, 0xff, 0xc9, 0x9c, 0xdc, 0xc6, 0x64, 0x84, 0x41, 0x21, 0x12, 
0x26, 0x12, 0x08, 0xfb, 0x82, 0x60, 0xdf, 0xff, 0xff, 0xa4, 0x24, 0xdf, 0xff, 0xfb, 0x65, 0x4c, 
0xd9, 0xef, 0xbe, 0x49, 0x23, 0x34, 0xed, 0x4c, 0x9f, 0xff, 0x7f, 0x74, 0xa9, 0x39, 0xb6, 0x4b, 
0x6f, 0xff, 0xff, 0xff, 0xff, 0xff, 0xff, 0xff, 0xff, 0xfe, 0xc6, 0x67, 0x33, 0x0c, 0x91, 0x28, 
0x08, 0x40, 0x00, 0x02, 0x42, 0xee, 0x29, 0x0c, 0x9f, 0xff, 0xff, 0xb7, 0x2d, 0x67, 0xff, 0xff, 
0x36, 0x6d, 0x6d, 0xce, 0xda, 0x22, 0xd9, 0x4d, 0x25, 0x62, 0x9f, 0xff, 0xfb, 0x99, 0x9b, 0xcc, 
0xc9, 0xd9, 0xb7, 0xff, 0xff, 0xff, 0xff, 0xff, 0xff, 0xff, 0xff, 0xff, 0xfb, 0xb3, 0x68, 0xc9, 
0x11, 0x09, 0x02, 0x09, 0x11, 0x90, 0x11, 0xbe, 0x08, 0x46, 0xb7, 0xff, 0xff, 0xe9, 0x93, 0x31, 
0xff, 0xff, 0xdb, 0xb3, 0x26, 0x73, 0xdf, 0x2c, 0x14, 0xcb, 0x32, 0x32, 0x4f, 0xff, 0xef, 0xce, 
0x66, 0x56, 0x6c, 0xa6, 0xdd, 0xff, 0xff, 0xff, 0xff, 0xff, 0xff, 0xff, 0xff, 0xff, 0xff, 0x9c, 
0xcc, 0x90, 0x44, 0x44, 0x40, 0x80, 0x44, 0x11, 0x01, 0xf8, 0xc6, 0x51, 0x27, 0xff, 0xff, 0xec, 
0xc6, 0x9c, 0xff, 0xff, 0xd8, 0x9a, 0xdb, 0x37, 0x77, 0x11, 0x66, 0x32, 0xcb, 0x99, 0x2f, 0xff, 
0xff, 0x63, 0x31, 0x67, 0x36, 0xb6, 0x6f, 0xff, 0xff, 0xff, 0xff, 0xff, 0xff, 0xff, 0xff, 0xff, 
0xff, 0xee, 0x96, 0x26, 0x08, 0x92, 0x14, 0x24, 0x00, 0x41, 0x63, 0xd9, 0x10, 0x35, 0x4d, 0xff, 
0xff, 0xf2, 0x68, 0xce, 0x3f, 0xff, 0xe7, 0x6c, 0xd9, 0x8d, 0xf6, 0x46, 0x49, 0x94, 0x98, 0xcc, 
0x8f, 0xff, 0xf7, 0x39, 0x9d, 0xb9, 0x93, 0x59, 0xef, 0xff, 0xff, 0xff, 0xff, 0xff, 0xff, 0xff, 
0xff, 0xff, 0xff, 0xeb, 0x73, 0x60, 0xa2, 0x21, 0x01, 0x01, 0x22, 0x08, 0x06, 0xf1, 0x25, 0x84, 
0xd3, 0xff, 0xff, 0xfb, 0x39, 0x63, 0x9f, 0xff, 0xfd, 0xa7, 0x26, 0xef, 0xdb, 0x29, 0x32, 0x4d, 
0x26, 0x62, 0x8f, 0xff, 0xff, 0xcc, 0xcc, 0x8c, 0xd9, 0x4f, 0x3f, 0xff, 0xff, 0xff, 0xff, 0xff, 
0xff, 0xff, 0xff, 0xff, 0xff, 0xfb, 0x49, 0x19, 0x02, 0x24, 0x48, 0x48, 0x08, 0x82, 0x07, 0xa4, 
0x24, 0xda, 0x33, 0xff, 0xff, 0xfd, 0x86, 0x39, 0xc3, 0x3f, 0xfe, 0xd9, 0xbb, 0x32, 0xde, 0x23, 
0x26, 0x63, 0x65, 0x18, 0xa7, 0xff, 0xef, 0x66, 0x63, 0x66, 0x66, 0xe6, 0xf7, 0xff, 0xff, 0xff, 
0xff, 0xff, 0xff, 0xff, 0xff, 0xff, 0xff, 0xec, 0xcc, 0x84, 0x48, 0x88, 0x02, 0x02, 0x40, 0x20, 
0x23, 0x81, 0x88, 0x13, 0x26, 0xff, 0xff, 0xfe, 0x76, 0x8c, 0x78, 0xdf, 0xff, 0xde, 0xcd, 0x92, 
0xf6, 0x94, 0x99, 0x98, 0x99, 0x4c, 0x2f, 0xff, 0xff, 0x69, 0x36, 0x73, 0x2c, 0xb6, 0xdf, 0xff, 
0xff, 0xff, 0xff, 0xff, 0xff, 0xff, 0xff, 0xff, 0xff, 0xf6, 0x32, 0xe4, 0x90, 0x89, 0x90, 0x90, 
0x12, 0x04, 0x8d, 0x92, 0x0b, 0x24, 0xcd, 0xbf, 0xff, 0xff, 0x25, 0xa7, 0x4e, 0xdf, 0xff, 0xf6, 
0x64, 0xf1, 0x6f, 0x11, 0x92, 0x4c, 0x92, 0x63, 0x0f, 0xff, 0xff, 0x99, 0x94, 0x99, 0xb3, 0x37, 
0xff, 0xff, 0xff, 0xff, 0xff, 0xff, 0xff, 0xff, 0xff, 0xff, 0xff, 0xf3, 0x92, 0x1a, 0x26, 0x22, 
0x04, 0x05, 0x08, 0x90, 0x06, 0x24, 0x60, 0xad, 0x39, 0xff, 0xff, 0xff, 0xac, 0xd1, 0xb3, 0x37, 
0xff, 0xff, 0xbf, 0x2c, 0x3b, 0x48, 0x66, 0x66, 0x66, 0x28, 0xcf, 0xff, 0xff, 0xb6, 0x5b, 0x9a, 
0xcd, 0xcd, 0x3d, 0xff, 0xff, 0xff, 0xff, 0xff, 0xff, 0xff, 0xff, 0xff, 0xff, 0xcc, 0xcd, 0x49, 
0x88, 0x48, 0x21, 0x20, 0x40, 0x01, 0x1a, 0x24, 0x16, 0xb3, 0x26, 0x7f, 0xff, 0xff, 0xda, 0x59, 
0xb1, 0xb7, 0xff, 0xff, 0xf3, 0xcb, 0x1d, 0x26, 0x49, 0x23, 0x29, 0x8c, 0x3f, 0xff, 0xff, 0xc9, 
0x62, 0x66, 0x59, 0x6d, 0xef, 0xff, 0xff, 0xff, 0xff, 0xff, 0xff, 0xff, 0xff, 0xff, 0xff, 0xe4, 
0x61, 0x64, 0xc9, 0x12, 0x08, 0x08, 0x92, 0x48, 0x49, 0x11, 0x12, 0x4e, 0xd9, 0x9f, 0xff, 0xfb, 
0xe7, 0x2c, 0x4d, 0xf9, 0xff, 0xff, 0x7c, 0xfa, 0x47, 0x21, 0x92, 0x99, 0x98, 0x93, 0x1f, 0xff, 
0xff, 0xf9, 0xac, 0xcd, 0x56, 0x77, 0xfb, 0xff, 0xff, 0xff, 0xff, 0xff, 0xff, 0xff, 0xff, 0xff, 
0xff, 0x9b, 0x1a, 0x12, 0x24, 0x92, 0x42, 0x42, 0x00, 0x08, 0x1c, 0xc1, 0x6d, 0xc8, 0xcd, 0x3f, 
0xff, 0xff, 0xf5, 0xa6, 0x46, 0x6e, 0x5f, 0xff, 0xef, 0xb7, 0x93, 0x88, 0x26, 0x4c, 0x92, 0x60, 
0xdf, 0xff, 0xff, 0xfe, 0x6d, 0x99, 0xb6, 0x9e, 0xdf, 0xff, 0xff, 0xff, 0xff, 0xff, 0xff, 0xff, 
0xff, 0xff, 0xfe, 0x49, 0x92, 0xca, 0x24, 0x89, 0x10, 0x40, 0x49, 0x21, 0x30, 0x24, 0x4d, 0xb6, 
0x36, 0x6f, 0xff, 0xed, 0xfc, 0xdb, 0xb3, 0xcf, 0x67, 0xff, 0xfb, 0xb7, 0xa1, 0x8a, 0x49, 0x62, 
0x66, 0x4c, 0x3f, 0xff, 0xff, 0xfe, 0xd3, 0x32, 0xa5, 0xeb, 0xf7, 0xff, 0xff, 0xff, 0xff, 0xff, 
0xff, 0xff, 0xff, 0xff, 0xfd, 0xa4, 0x64, 0xa9, 0x92, 0x61, 0x04, 0x11, 0x01, 0x24, 0x43, 0x04, 
0xde, 0x37, 0xb3, 0x3f, 0xff, 0xef, 0xfe, 0x58, 0x8f, 0x71, 0xec, 0xff, 0xff, 0xfc, 0xe9, 0x82, 
0x49, 0x13, 0x11, 0x13, 0x3f, 0xff, 0xff, 0xff, 0x9a, 0xce, 0x6d, 0x3b, 0x3f, 0xff, 0xff, 0xff, 
0xff, 0xff, 0xff, 0xff, 0xff, 0xff, 0xf4, 0xb6, 0x4d, 0x24, 0x92, 0x14, 0x41, 0x84, 0x24, 0x00, 
0x48, 0x4b, 0xbb, 0xd9, 0x9b, 0x3b, 0xff, 0xff, 0xff, 0xa6, 0x69, 0xb6, 0xbb, 0x2d, 0xff, 0xff, 
0xf0, 0xe4, 0x92, 0x54, 0xcc, 0x91, 0xff, 0xff, 0xff, 0xff, 0xfa, 0xd9, 0x9a, 0xdd, 0xff, 0xff, 
0xff, 0xff, 0xff, 0xff, 0xff, 0xff, 0xff, 0x49, 0x32, 0x49, 0x93, 0x32, 0x49, 0x84, 0x58, 0x20, 
0x80, 0x11, 0x00, 0x49, 0xbf, 0xdf, 0x7e, 0x7f, 0xff, 0xdf, 0xff, 0xb7, 0x66, 0xec, 0x97, 0xed, 
0xbe, 0xff, 0xdc, 0x71, 0x26, 0x44, 0xa2, 0xcc, 0xff, 0xff, 0xff, 0xff, 0xfe, 0x65, 0xb2, 0xd6, 
0xde, 0xff, 0xff, 0xff, 0xff, 0xff, 0xff, 0xff, 0xe9, 0x6f, 0xcd, 0x49, 0x30, 0xca, 0x48, 0x63, 
0x02, 0x08, 0x12, 0x40, 0x32, 0x36, 0x74, 0xd5, 0xe5, 0x3d, 0xff, 0xff, 0xff, 0xf1, 0x9b, 0x6d, 
0xd4, 0xde, 0xd3, 0xb6, 0xf6, 0x1b, 0x21, 0x29, 0x32, 0x23, 0xff, 0xff, 0xff, 0xff, 0xff, 0xb6, 
0x4d, 0xb6, 0xff, 0xff, 0xff, 0xff, 0xff, 0xff, 0xff, 0xff, 0x2e, 0xb2, 0x6d, 0x32, 0x4c, 0x92, 
0x4a, 0x18, 0x00, 0x83, 0x00, 0x06, 0x82, 0x93, 0xfe, 0xd6, 0xb3, 0x3d, 0x7f, 0xfe, 0xff, 0xfc, 
0xb3, 0xd3, 0x6e, 0x73, 0xff, 0x6f, 0xb6, 0x8c, 0x99, 0x23, 0x4c, 0xb3, 0xff, 0xff, 0xff, 0xff, 
0xfb, 0xdb, 0x6d, 0xbd, 0xb7, 0xff, 0xff, 0xff, 0xff, 0xff, 0xff, 0xfb, 0x66, 0x9d, 0xa2, 0x96, 
0xcf, 0x65, 0x22, 0x81, 0x24, 0x20, 0x24, 0x92, 0x99, 0xc9, 0xab, 0xbb, 0x06, 0x7f, 0x7f, 0xff, 
0xff, 0xfe, 0x9c, 0xda, 0x2b, 0x9d, 0x3d, 0xfb, 0xff, 0x24, 0xc4, 0x90, 0x49, 0x8f, 0xff, 0xff, 
0xff, 0xff, 0xff, 0xfd, 0xb6, 0xef, 0xff, 0xff, 0xff, 0xff, 0xff, 0xff, 0xff, 0xf9, 0x99, 0xed, 
0xb2, 0xc9, 0x31, 0x4c, 0x90, 0xa4, 0x01, 0x08, 0x00, 0x12, 0xc6, 0x64, 0xed, 0xa8, 0x6c, 0x7a, 
0x9b, 0xfb, 0xff, 0xff, 0xc7, 0x6d, 0xb2, 0xed, 0xcf, 0xbe, 0xd9, 0xc6, 0x66, 0x4c, 0xb2, 0x7f, 
0xff, 0xff, 0xff, 0xff, 0x7f, 0xff, 0xf7, 0xbb, 0x7f, 0xff, 0xff, 0xff, 0xff, 0xff, 0xff, 0xe6, 
0xfb, 0x6a, 0x4c, 0x69, 0x56, 0x92, 0x4c, 0x24, 0x90, 0x02, 0x40, 0x0c, 0x6d, 0x36, 0xde, 0x63, 
0x99, 0x7c, 0xef, 0xff, 0xbf, 0xff, 0xe5, 0xf3, 0x5a, 0x6e, 0xf2, 0xef, 0x6f, 0xf9, 0x99, 0x4a, 
0x8d, 0xff, 0xff, 0xff, 0xff, 0xfd, 0xff, 0xff, 0xdf, 0xff, 0xff, 0xff, 0xff, 0xff, 0xff, 0xff, 
0xff, 0xfe, 0x4c, 0xdb, 0xd5, 0x26, 0x56, 0xd2, 0x43, 0x12, 0x00, 0x00, 0x00, 0x27, 0x39, 0x99, 
0x73, 0x13, 0x12, 0xfd, 0xad, 0xff, 0xff, 0xff, 0xf9, 0xb2, 0x4d, 0x93, 0xbf, 0x6d, 0xec, 0xbb, 
0x33, 0x32, 0x4d, 0xff, 0xff, 0xff, 0xff, 0xff, 0xfe, 0xff, 0xfe, 0xf7, 0xff, 0xff, 0xff, 0xff, 
0xff, 0xff, 0xff, 0xc9, 0xd7, 0xb5, 0x33, 0x32, 0xcd, 0x4c, 0x90, 0xc2, 0x00, 0x00, 0x00, 0x31, 
0x96, 0xcd, 0xbd, 0x9e, 0x66, 0xf9, 0xb6, 0xef, 0xbf, 0xff, 0xff, 0xbd, 0xb5, 0xb4, 0xdb, 0xdb, 
0xb7, 0x8c, 0xec, 0xcd, 0xff, 0xff, 0xff, 0xff, 0xff, 0xff, 0xf7, 0xff, 0xff, 0xff, 0xff, 0xff, 
0xff, 0xff, 0xff, 0xff, 0xff, 0xed, 0xb6, 0x67, 0x6a, 0xcc, 0xb7, 0x64, 0x92, 0x18, 0x00, 0x00, 
0x00, 0x4c, 0xd9, 0x66, 0x9c, 0x7e, 0xcc, 0xf9, 0x5b, 0xbf, 0xbf, 0xff, 0xff, 0xed, 0xb6, 0xff, 
0x52, 0xb2, 0x92, 0x77, 0x9b, 0x6f, 0xbf, 0xff, 0xff, 0xff, 0xff, 0xff, 0xff, 0xf7, 0xff, 0xff, 
0xff, 0xff, 0xff, 0xff, 0xff, 0xff, 0xff, 0xb6, 0x6d, 0xd9, 0xcc, 0x96, 0xb6, 0x92, 0x42, 0x05
};

const uint8_t imagen_2[] = {
// 'Sin título2', 80x80px
0xff, 0xff, 0xff, 0xff, 0xff, 0xff, 0xff, 0xff, 0xff, 0xff, 0xff, 0xff, 0xff, 0xff, 0xff, 0xff, 
0xff, 0xff, 0xff, 0xff, 0xff, 0xff, 0xff, 0xff, 0xff, 0xff, 0xff, 0xff, 0xff, 0xff, 0xff, 0xff, 
0xff, 0xff, 0xff, 0xff, 0xff, 0xff, 0xff, 0xff, 0xff, 0xff, 0xff, 0xff, 0xff, 0xff, 0xff, 0xff, 
0xff, 0xff, 0xff, 0xff, 0xff, 0xff, 0xe0, 0x0f, 0xff, 0xff, 0xff, 0xff, 0xff, 0xff, 0xff, 0xfc, 
0x00, 0x00, 0x7f, 0xff, 0xff, 0xff, 0xff, 0xff, 0xff, 0xe0, 0x00, 0x00, 0x0f, 0xff, 0xff, 0xff, 
0xff, 0xff, 0xff, 0x80, 0x00, 0x00, 0x03, 0xff, 0xff, 0xff, 0xff, 0xff, 0xfe, 0x00, 0x00, 0x00, 
0x00, 0xff, 0xff, 0xff, 0xff, 0xff, 0xf8, 0x00, 0x00, 0x00, 0x00, 0x3f, 0xff, 0xff, 0xff, 0xff, 
0xf0, 0x00, 0x00, 0x00, 0x00, 0x1f, 0xff, 0xff, 0xff, 0xff, 0xe0, 0x00, 0x00, 0x00, 0x00, 0x07, 
0xff, 0xff, 0xff, 0xff, 0x80, 0x00, 0x00, 0x00, 0x00, 0x03, 0xff, 0xff, 0xff, 0xff, 0x00, 0x00, 
0x00, 0x00, 0x00, 0x01, 0xff, 0xff, 0xff, 0xfe, 0x00, 0x00, 0x00, 0x00, 0x00, 0x00, 0xff, 0xff, 
0xff, 0xfe, 0x00, 0x00, 0x00, 0x00, 0x00, 0x00, 0x7f, 0xff, 0xff, 0xfc, 0x00, 0x00, 0x00, 0x00, 
0x00, 0x00, 0x3f, 0xff, 0xff, 0xf8, 0x00, 0x00, 0x00, 0x00, 0x00, 0x00, 0x3f, 0xff, 0xff, 0xf0, 
0x00, 0x00, 0x00, 0x00, 0x00, 0x00, 0x1f, 0xff, 0xff, 0xf0, 0x00, 0x00, 0x00, 0x00, 0x00, 0x00, 
0x0f, 0xff, 0xff, 0xe0, 0x00, 0x00, 0x00, 0x00, 0x00, 0x00, 0x0f, 0xff, 0xff, 0xc0, 0x00, 0x00, 
0x00, 0x00, 0x00, 0x00, 0x07, 0xff, 0xff, 0xc0, 0x00, 0x00, 0x00, 0x00, 0x00, 0x00, 0x07, 0xff, 
0xff, 0x80, 0x00, 0x00, 0x00, 0x00, 0x00, 0x00, 0x03, 0xff, 0xff, 0x80, 0x01, 0xf0, 0x00, 0x00, 
0x1f, 0x80, 0x03, 0xff, 0xff, 0x80, 0x03, 0xf8, 0x00, 0x00, 0x3f, 0xc0, 0x01, 0xff, 0xff, 0x00, 
0x07, 0xfc, 0x00, 0x00, 0x3f, 0xc0, 0x01, 0xff, 0xff, 0x00, 0x07, 0xfc, 0x00, 0x00, 0x7f, 0xc0, 
0x01, 0xff, 0xff, 0x00, 0x07, 0xfc, 0x00, 0x00, 0x7f, 0xc0, 0x00, 0xff, 0xff, 0x00, 0x07, 0xfc, 
0x00, 0x00, 0x3f, 0xc0, 0x00, 0xff, 0xfe, 0x00, 0x03, 0xf8, 0x00, 0x00, 0x3f, 0xc0, 0x00, 0xff, 
0xfe, 0x00, 0x01, 0xf0, 0x00, 0x00, 0x1f, 0x00, 0x00, 0xff, 0xfe, 0x00, 0x00, 0x00, 0x00, 0x00, 
0x00, 0x00, 0x00, 0xff, 0xfe, 0x00, 0x00, 0x00, 0x00, 0x00, 0x00, 0x00, 0x00, 0xff, 0xfe, 0x00, 
0x00, 0x00, 0x00, 0x00, 0x00, 0x00, 0x00, 0xff, 0xfe, 0x00, 0x00, 0x00, 0x00, 0x00, 0x00, 0x00, 
0x00, 0xff, 0xfe, 0x00, 0x00, 0x00, 0x00, 0x00, 0x00, 0x00, 0x00, 0xff, 0xfe, 0x00, 0x00, 0x00, 
0x00, 0x00, 0x00, 0x00, 0x00, 0xff, 0xfe, 0x00, 0x00, 0x00, 0x00, 0x00, 0x00, 0x00, 0x00, 0xff, 
0xfe, 0x00, 0x00, 0x00, 0x00, 0x00, 0x00, 0x00, 0x00, 0xff, 0xfe, 0x00, 0x00, 0x0f, 0xff, 0xff, 
0xe0, 0x00, 0x00, 0xff, 0xfe, 0x00, 0x00, 0x0f, 0xff, 0xff, 0xf0, 0x00, 0x00, 0xff, 0xfe, 0x00, 
0x00, 0x07, 0xff, 0xff, 0xe0, 0x00, 0x00, 0xff, 0xfe, 0x00, 0x00, 0x00, 0xc0, 0x07, 0x00, 0x00, 
0x00, 0xff, 0xfe, 0x00, 0x00, 0x00, 0xc0, 0x07, 0x00, 0x00, 0x00, 0xff, 0xfe, 0x00, 0x00, 0x00, 
0xc0, 0x07, 0x00, 0x00, 0x00, 0xff, 0xfe, 0x00, 0x00, 0x00, 0xc0, 0x07, 0x00, 0x00, 0x00, 0xff, 
0xfe, 0x00, 0x00, 0x00, 0xc0, 0x07, 0x00, 0x00, 0x00, 0xff, 0xfe, 0x00, 0x00, 0x00, 0xc0, 0x07, 
0x00, 0x00, 0x00, 0xff, 0xfe, 0x00, 0x00, 0x00, 0xc0, 0x07, 0x00, 0x00, 0x00, 0xff, 0xfe, 0x00, 
0x00, 0x00, 0xe0, 0x07, 0x00, 0x00, 0x00, 0xff, 0xfe, 0x00, 0x00, 0x00, 0xe0, 0x0e, 0x00, 0x00, 
0x00, 0xff, 0xfe, 0x00, 0x00, 0x00, 0x70, 0x1e, 0x00, 0x00, 0x00, 0xff, 0xfe, 0x00, 0x00, 0x00, 
0x7c, 0x7c, 0x00, 0x00, 0x00, 0xff, 0xfe, 0x00, 0x00, 0x00, 0x3f, 0xf8, 0x00, 0x00, 0x00, 0xff, 
0xfe, 0x00, 0x00, 0x00, 0x0f, 0xe0, 0x00, 0x00, 0x00, 0xff, 0xfe, 0x00, 0x00, 0x00, 0x00, 0x00, 
0x00, 0x00, 0x00, 0xff, 0xfe, 0x00, 0x00, 0x00, 0x00, 0x00, 0x00, 0x00, 0x00, 0xff, 0xfe, 0x00, 
0x00, 0x00, 0x00, 0x00, 0x00, 0x00, 0x00, 0xff, 0xfe, 0x00, 0x00, 0x00, 0x00, 0x00, 0x00, 0x00, 
0x00, 0xff, 0xfe, 0x00, 0x00, 0x00, 0x00, 0x00, 0x00, 0x00, 0x00, 0xff, 0xfe, 0x00, 0x00, 0x00, 
0x00, 0x00, 0x00, 0x00, 0x00, 0xff, 0xfe, 0x00, 0x00, 0x00, 0x00, 0x00, 0x00, 0x00, 0x00, 0xff, 
0xfe, 0x00, 0x00, 0x00, 0x00, 0x00, 0x00, 0x00, 0x00, 0xff, 0xfe, 0x00, 0x3f, 0x00, 0x07, 0xc0, 
0x00, 0xf8, 0x00, 0xff, 0xfe, 0x00, 0x7f, 0x80, 0x0f, 0xe0, 0x01, 0xfc, 0x00, 0xff, 0xfe, 0x00, 
0x7f, 0x80, 0x1f, 0xf0, 0x03, 0xfe, 0x00, 0xff, 0xfe, 0x00, 0xff, 0xc0, 0x1f, 0xf0, 0x03, 0xfe, 
0x00, 0xff, 0xfe, 0x00, 0xff, 0xc0, 0x1f, 0xf0, 0x03, 0xfe, 0x00, 0xff, 0xfe, 0x00, 0xff, 0xc0, 
0x1f, 0xf0, 0x03, 0xfe, 0x00, 0xff, 0xfe, 0x00, 0xff, 0xc0, 0x1f, 0xf0, 0x03, 0xfe, 0x00, 0xff, 
0xfe, 0x00, 0xff, 0xc0, 0x1f, 0xf0, 0x03, 0xfe, 0x00, 0xff, 0xfe, 0x00, 0xff, 0xc0, 0x1f, 0xf8, 
0x03, 0xfe, 0x00, 0xff, 0xfe, 0x00, 0xff, 0xc0, 0x3f, 0xf8, 0x07, 0xff, 0x00, 0xff, 0xff, 0x01, 
0xff, 0xe0, 0x7f, 0xfc, 0x0f, 0xff, 0x81, 0xff, 0xff, 0xc7, 0xff, 0xf8, 0xff, 0xfe, 0x1f, 0xff, 
0xc7, 0xff, 0xff, 0xff, 0xff, 0xff, 0xff, 0xff, 0xff, 0xff, 0xff, 0xff, 0xff, 0xff, 0xff, 0xff, 
0xff, 0xff, 0xff, 0xff, 0xff, 0xff, 0xff, 0xff, 0xff, 0xff, 0xff, 0xff, 0xff, 0xff, 0xff, 0xff};

const uint8_t imagen_3[] = {
// 'JMnnegrotransparente-320_124', 320x112px
0xff, 0xff, 0xff, 0xff, 0xff, 0xff, 0xff, 0xff, 0xff, 0xff, 0xff, 0xff, 0xff, 0xff, 0xff, 0xff, 
0xff, 0xff, 0xff, 0xff, 0xff, 0xff, 0xff, 0xff, 0xff, 0xff, 0xff, 0xff, 0xff, 0xff, 0xff, 0xff, 
0xff, 0xff, 0xff, 0xff, 0xff, 0xff, 0xff, 0xff, 0xff, 0xff, 0xff, 0xff, 0xff, 0xff, 0xff, 0xf0, 
0x7f, 0xff, 0xff, 0xff, 0xff, 0xff, 0xff, 0xff, 0xff, 0xff, 0xff, 0xff, 0xff, 0xff, 0xff, 0xff, 
0xff, 0xff, 0xff, 0xff, 0xff, 0xff, 0xff, 0xff, 0xff, 0xff, 0xff, 0xff, 0xff, 0xff, 0xff, 0xff, 
0xff, 0xff, 0xff, 0xff, 0xff, 0xff, 0xff, 0xe0, 0x1f, 0xff, 0xff, 0xff, 0xff, 0xff, 0xff, 0xff, 
0xff, 0xff, 0xff, 0xff, 0xff, 0xff, 0xff, 0xff, 0xff, 0xff, 0xff, 0xff, 0xff, 0xff, 0xff, 0xff, 
0xff, 0xff, 0xff, 0xff, 0xff, 0xff, 0xff, 0xff, 0xff, 0xff, 0xff, 0xff, 0xff, 0xff, 0xff, 0xc0, 
0x1f, 0xff, 0xff, 0xff, 0xff, 0xff, 0xff, 0xff, 0xff, 0xff, 0xff, 0xff, 0xff, 0xff, 0xff, 0xff, 
0xff, 0xff, 0xff, 0xff, 0xff, 0xff, 0xff, 0xff, 0xff, 0xff, 0xff, 0xff, 0xff, 0xff, 0xff, 0xff, 
0xff, 0xff, 0xff, 0xff, 0xff, 0xff, 0xff, 0x87, 0x0f, 0xff, 0xff, 0xff, 0xff, 0xff, 0xff, 0xff, 
0xff, 0xff, 0xff, 0xff, 0xff, 0xff, 0xff, 0xff, 0xff, 0xff, 0xff, 0xff, 0xff, 0xff, 0xff, 0xff, 
0xff, 0xff, 0xff, 0xff, 0xff, 0xff, 0xff, 0xff, 0xff, 0xff, 0xff, 0xff, 0xff, 0xff, 0xff, 0x8f, 
0x8f, 0xff, 0xff, 0xff, 0xff, 0xff, 0xff, 0xff, 0xff, 0xff, 0xff, 0xff, 0xff, 0xff, 0xff, 0xff, 
0xff, 0xff, 0xff, 0xff, 0xff, 0xff, 0xff, 0xff, 0xff, 0xff, 0xff, 0xff, 0xff, 0xff, 0xff, 0xff, 
0xff, 0xff, 0xff, 0xff, 0xff, 0xff, 0xff, 0x8f, 0x8f, 0xff, 0xff, 0xff, 0xff, 0xff, 0xff, 0xff, 
0xff, 0xff, 0xff, 0xff, 0xff, 0xff, 0xff, 0xff, 0xff, 0xff, 0xff, 0xff, 0xff, 0xff, 0xff, 0xff, 
0xff, 0xff, 0xff, 0xff, 0xff, 0xff, 0xff, 0xff, 0xff, 0xff, 0xff, 0xff, 0xff, 0xff, 0xff, 0x8f, 
0x8f, 0xff, 0xff, 0xff, 0xff, 0xff, 0xff, 0xff, 0xff, 0xff, 0xff, 0xff, 0xff, 0xff, 0xff, 0xff, 
0xff, 0xff, 0xff, 0xff, 0xff, 0xff, 0xff, 0xff, 0xff, 0xff, 0xff, 0xff, 0xff, 0xff, 0xff, 0xff, 
0xff, 0xff, 0xff, 0xff, 0xff, 0xff, 0xff, 0xc7, 0x0f, 0xff, 0xff, 0xff, 0xff, 0xff, 0xff, 0xff, 
0xff, 0xff, 0xff, 0xff, 0xff, 0xff, 0xff, 0xff, 0xff, 0xff, 0xff, 0xff, 0xff, 0xff, 0xff, 0xff, 
0xff, 0xff, 0xff, 0xff, 0xff, 0xff, 0xff, 0xff, 0xff, 0xff, 0xff, 0xff, 0xff, 0xff, 0xff, 0xc0, 
0x1f, 0xff, 0xff, 0xff, 0xff, 0xff, 0xff, 0xff, 0xff, 0xff, 0xff, 0xff, 0xff, 0xff, 0xff, 0xff, 
0xff, 0xff, 0xff, 0xff, 0xff, 0xff, 0xff, 0xff, 0xff, 0xff, 0xff, 0xff, 0xff, 0xff, 0xff, 0xff, 
0xff, 0xff, 0xff, 0xff, 0xff, 0xff, 0xff, 0xe0, 0x3f, 0xff, 0xff, 0xff, 0xff, 0xff, 0xff, 0xff, 
0xff, 0xff, 0xff, 0xff, 0xff, 0xff, 0xff, 0xff, 0xff, 0xff, 0xff, 0xff, 0xff, 0xff, 0xff, 0xff, 
0xff, 0xff, 0xff, 0xff, 0xff, 0xff, 0xff, 0xff, 0xff, 0xff, 0xff, 0xff, 0xff, 0xff, 0xff, 0xf8, 
0x7f, 0xff, 0xff, 0xff, 0xff, 0xff, 0xff, 0xff, 0xff, 0xff, 0xff, 0xff, 0xff, 0xff, 0xff, 0xff, 
0xff, 0xff, 0xff, 0xff, 0xff, 0xff, 0xff, 0xff, 0xff, 0xff, 0xff, 0xff, 0xff, 0xff, 0xff, 0xff, 
0xff, 0xff, 0xff, 0xff, 0xff, 0xff, 0xff, 0xf8, 0xff, 0xff, 0xff, 0xff, 0xff, 0xff, 0xff, 0xff, 
0xff, 0xff, 0xff, 0xff, 0xff, 0xff, 0xff, 0xff, 0xff, 0xff, 0xff, 0xff, 0xff, 0xff, 0xff, 0xff, 
0xff, 0xff, 0xff, 0xff, 0xff, 0xff, 0xff, 0xff, 0xff, 0xff, 0xff, 0xff, 0xff, 0xff, 0xff, 0xf8, 
0xff, 0xff, 0xff, 0xff, 0xff, 0xff, 0xff, 0xff, 0xff, 0xff, 0xff, 0xff, 0xff, 0xff, 0xff, 0xff, 
0xff, 0xff, 0xff, 0xff, 0xff, 0xff, 0xff, 0xff, 0xff, 0xff, 0xff, 0xff, 0xff, 0xff, 0xff, 0xff, 
0xff, 0xff, 0xff, 0xff, 0xff, 0xff, 0xff, 0xf8, 0xff, 0xff, 0xff, 0xff, 0xff, 0xff, 0xff, 0xff, 
0xff, 0xff, 0xff, 0xff, 0xff, 0xff, 0xff, 0xff, 0xff, 0xff, 0xff, 0xff, 0xff, 0xff, 0xff, 0xff, 
0xff, 0xff, 0xff, 0xff, 0xff, 0xff, 0xff, 0xff, 0xff, 0xff, 0xff, 0xff, 0xff, 0xff, 0xff, 0xf8, 
0xff, 0xff, 0xff, 0xff, 0xff, 0xff, 0xff, 0xff, 0xff, 0xff, 0xff, 0xff, 0xff, 0xff, 0xff, 0xff, 
0xff, 0xff, 0xff, 0xff, 0xff, 0xff, 0xff, 0xff, 0xff, 0xff, 0xff, 0xff, 0xff, 0xff, 0xff, 0xff, 
0xff, 0xff, 0xff, 0xff, 0xff, 0xff, 0xff, 0xf8, 0xff, 0xff, 0xff, 0xff, 0xff, 0xff, 0xff, 0xff, 
0xff, 0xff, 0xff, 0xff, 0xff, 0xff, 0xff, 0xff, 0xff, 0xff, 0xff, 0xff, 0xff, 0xff, 0xff, 0xff, 
0xff, 0xff, 0xff, 0xff, 0xff, 0xff, 0xff, 0xff, 0xff, 0xff, 0xff, 0xff, 0xff, 0xff, 0xff, 0xf8, 
0xff, 0xff, 0xff, 0xff, 0xff, 0xff, 0xff, 0xff, 0xff, 0xff, 0xff, 0xff, 0xff, 0xff, 0xff, 0xff, 
0xff, 0xff, 0xff, 0xff, 0xff, 0xff, 0xff, 0xff, 0xff, 0xff, 0xff, 0xff, 0xff, 0xff, 0xff, 0xff, 
0xff, 0xff, 0xff, 0xff, 0xff, 0xff, 0xff, 0xf8, 0xff, 0xff, 0xff, 0xff, 0xff, 0xff, 0xff, 0xff, 
0xff, 0xff, 0xff, 0xff, 0xff, 0xff, 0xff, 0xff, 0xff, 0xff, 0xff, 0xff, 0xff, 0xff, 0xff, 0xff, 
0xff, 0xff, 0xff, 0xff, 0xff, 0xff, 0xff, 0xff, 0xff, 0xff, 0xff, 0xff, 0xff, 0xff, 0xff, 0xf8, 
0xff, 0xff, 0xff, 0xff, 0xff, 0xff, 0xff, 0xff, 0xff, 0xff, 0xff, 0xff, 0xff, 0xff, 0xff, 0xff, 
0xff, 0xff, 0xff, 0xff, 0xff, 0xff, 0xff, 0xff, 0xff, 0xff, 0xff, 0xff, 0xff, 0xff, 0xff, 0xff, 
0xff, 0xff, 0xff, 0xff, 0xff, 0xff, 0xff, 0xf8, 0xff, 0xff, 0xff, 0xff, 0xff, 0xff, 0xff, 0xff, 
0xff, 0xff, 0xff, 0xff, 0xff, 0xff, 0xff, 0xff, 0xff, 0xff, 0xff, 0xff, 0xff, 0xff, 0xff, 0xff, 
0xff, 0xff, 0xff, 0xff, 0xff, 0xff, 0xff, 0xff, 0xff, 0xff, 0xff, 0xff, 0xff, 0xff, 0xff, 0x00, 
0x00, 0x7f, 0xff, 0xff, 0xff, 0xff, 0xff, 0xff, 0xff, 0xff, 0xff, 0xff, 0xff, 0xff, 0xff, 0xff, 
0xff, 0xff, 0xff, 0xff, 0xff, 0xff, 0xff, 0xff, 0xff, 0xff, 0xff, 0xff, 0xff, 0xff, 0xff, 0xff, 
0xff, 0xff, 0xff, 0xff, 0xff, 0xff, 0xf0, 0x00, 0x00, 0x0f, 0xff, 0xff, 0xff, 0xff, 0xff, 0xff, 
0xff, 0xff, 0xff, 0xff, 0xff, 0xff, 0xff, 0xff, 0xff, 0xff, 0xff, 0xff, 0xff, 0xff, 0xff, 0xff, 
0xff, 0xff, 0xff, 0xff, 0xff, 0xff, 0xff, 0xff, 0xff, 0xff, 0xff, 0xff, 0xff, 0xff, 0xc0, 0x18, 
0xf8, 0x01, 0xff, 0xff, 0xff, 0xff, 0xff, 0xff, 0xff, 0xff, 0xff, 0xff, 0xff, 0xff, 0xff, 0xff, 
0xff, 0xe1, 0xff, 0xff, 0xff, 0xff, 0xe3, 0xff, 0xff, 0xff, 0xff, 0xff, 0x0f, 0xe3, 0xff, 0xff, 
0xff, 0xff, 0xff, 0xff, 0xff, 0xff, 0x01, 0xf8, 0xff, 0xc0, 0x7f, 0xff, 0xff, 0xc1, 0xe0, 0x78, 
0x1e, 0x0f, 0x87, 0xff, 0x00, 0x70, 0x7f, 0x00, 0x7f, 0x00, 0x80, 0x06, 0x00, 0xff, 0x00, 0xfe, 
0x0f, 0x87, 0x83, 0xf8, 0x07, 0x80, 0xff, 0xff, 0xff, 0xff, 0xff, 0xff, 0xff, 0xfc, 0x0f, 0xf8, 
0xff, 0xf8, 0x1f, 0xff, 0xff, 0xc1, 0xe0, 0x78, 0x1e, 0x0f, 0x87, 0xff, 0x00, 0x70, 0x7f, 0x00, 
0x7e, 0x00, 0x80, 0x06, 0x00, 0x7e, 0x00, 0x3e, 0x0f, 0x87, 0x83, 0xf0, 0x07, 0x00, 0xff, 0xff, 
0xff, 0xff, 0xff, 0xff, 0xff, 0xf0, 0x7f, 0xf8, 0xff, 0xfe, 0x0f, 0xff, 0xff, 0xc1, 0xe0, 0x78, 
0x1e, 0x07, 0x87, 0xff, 0x00, 0x70, 0x7f, 0x00, 0x7c, 0x00, 0x80, 0x06, 0x00, 0x3e, 0x00, 0x3e, 
0x07, 0x87, 0x83, 0xe0, 0x06, 0x00, 0xff, 0xff, 0xff, 0xff, 0xff, 0xff, 0xff, 0xe0, 0xff, 0xf8, 
0xff, 0xff, 0x83, 0xff, 0xff, 0xc1, 0xe0, 0x30, 0x1e, 0x07, 0x87, 0xff, 0x00, 0x70, 0x7f, 0x00, 
0x78, 0x00, 0x80, 0x0e, 0x18, 0x1c, 0x00, 0x1e, 0x07, 0x87, 0x83, 0xc0, 0x06, 0x04, 0xff, 0xff, 
0xff, 0xff, 0xff, 0xff, 0xff, 0x83, 0xff, 0xf8, 0xff, 0xff, 0xe1, 0xff, 0xff, 0xc1, 0xe0, 0x30, 
0x1e, 0x03, 0x87, 0xff, 0x0f, 0xf0, 0x7f, 0x0f, 0xf8, 0x1f, 0xf8, 0x7e, 0x1c, 0x18, 0x1c, 0x1e, 
0x03, 0x87, 0x83, 0xc0, 0xfe, 0x1f, 0xff, 0xff, 0xff, 0xff, 0xff, 0xff, 0xff, 0x0f, 0xff, 0xf8, 
0xff, 0xff, 0xf0, 0xff, 0xff, 0xc1, 0xe0, 0x30, 0x1e, 0x03, 0x87, 0xff, 0x0f, 0xf0, 0x7f, 0x0f, 
0xf0, 0x3f, 0xf8, 0x7e, 0x1c, 0x18, 0x3e, 0x0e, 0x03, 0x87, 0x83, 0x81, 0xfe, 0x1f, 0xff, 0xff, 
0xff, 0xff, 0xff, 0xff, 0xfe, 0x1f, 0xff, 0xf8, 0xff, 0xff, 0xf8, 0x7f, 0xff, 0xc1, 0xc0, 0x30, 
0x1e, 0x03, 0x87, 0xff, 0x0f, 0xf0, 0x7f, 0x0f, 0xf0, 0x7f, 0xf8, 0x7e, 0x1e, 0x18, 0x3e, 0x0e, 
0x03, 0x87, 0x83, 0x83, 0xfe, 0x1f, 0xff, 0xff, 0xff, 0xff, 0xff, 0xff, 0xfc, 0x3f, 0xff, 0xf8, 
0xff, 0xff, 0xfe, 0x1f, 0xff, 0xc1, 0xc2, 0x30, 0x0e, 0x01, 0x87, 0xff, 0x0f, 0xf0, 0x7f, 0x0f, 
0xf0, 0x7f, 0xf8, 0x7e, 0x1c, 0x18, 0x7f, 0x0e, 0x01, 0x87, 0x83, 0x83, 0xfe, 0x0f, 0xff, 0xff, 
0xff, 0xff, 0xff, 0xff, 0xf8, 0x7f, 0xff, 0xf8, 0xff, 0xff, 0xff, 0x1f, 0xff, 0xc1, 0xc2, 0x31, 
0x0e, 0x01, 0x87, 0xff, 0x00, 0xf0, 0x7f, 0x00, 0xe0, 0xff, 0xf8, 0x7e, 0x1c, 0x38, 0x7f, 0x0e, 
0x01, 0x87, 0x83, 0x83, 0xfe, 0x07, 0xff, 0xff, 0xff, 0xff, 0xff, 0xff, 0xf0, 0xff, 0xff, 0xf8, 
0xff, 0xff, 0xff, 0x8f, 0xff, 0xc1, 0xc2, 0x21, 0x0e, 0x11, 0x87, 0xff, 0x00, 0x70, 0x7f, 0x00, 
0x60, 0xff, 0xf8, 0x7e, 0x00, 0x38, 0x7f, 0x0e, 0x11, 0x87, 0x83, 0x87, 0xfe, 0x03, 0xff, 0xff, 
0xff, 0xff, 0xff, 0xff, 0xe1, 0xff, 0xff, 0xf8, 0xff, 0xff, 0xff, 0xc7, 0xff, 0xc1, 0xc2, 0x23, 
0x0e, 0x10, 0x87, 0xff, 0x00, 0x70, 0x7f, 0x00, 0x60, 0xff, 0xf8, 0x7e, 0x00, 0x78, 0x7f, 0x0e, 
0x10, 0x87, 0x83, 0x07, 0xff, 0x01, 0xff, 0xff, 0xff, 0xff, 0xff, 0xff, 0xe3, 0xff, 0xff, 0xf8, 
0xff, 0xff, 0xff, 0xe3, 0xff, 0xc1, 0xc3, 0x03, 0x0e, 0x18, 0x87, 0xff, 0x00, 0x70, 0x7f, 0x00, 
0x60, 0xff, 0xf8, 0x7e, 0x00, 0xf8, 0x7f, 0x0e, 0x18, 0x87, 0x83, 0x07, 0xff, 0x80, 0xff, 0xff, 
0xff, 0xff, 0xff, 0xff, 0xc7, 0xff, 0xff, 0xf8, 0xff, 0xff, 0xff, 0xe1, 0xff, 0xc1, 0xc3, 0x03, 
0x0e, 0x18, 0x07, 0xff, 0x07, 0xf0, 0x7f, 0x07, 0xe0, 0xff, 0xf8, 0x7e, 0x00, 0xf8, 0x7f, 0x0e, 
0x18, 0x07, 0x83, 0x87, 0xff, 0xc0, 0x7f, 0xff, 0xff, 0xff, 0xff, 0xff, 0x8f, 0xff, 0xff, 0xf8, 
0xff, 0xff, 0xff, 0xf1, 0xff, 0xc1, 0xc3, 0x03, 0x0e, 0x1c, 0x07, 0xff, 0x0f, 0xf0, 0x7f, 0x0f, 
0xe0, 0xff, 0xf8, 0x7e, 0x00, 0xf8, 0x7f, 0x0e, 0x1c, 0x07, 0x83, 0x83, 0xff, 0xe0, 0x7f, 0xff, 
0xff, 0xff, 0xff, 0xff, 0x8f, 0xff, 0xff, 0xf8, 0xff, 0xff, 0xff, 0xf8, 0xff, 0xc1, 0xc3, 0x03, 
0x0e, 0x1c, 0x07, 0xff, 0x0f, 0xf0, 0x7f, 0x0f, 0xf0, 0x7f, 0xf8, 0x7e, 0x10, 0xf8, 0x7f, 0x0e, 
0x1c, 0x07, 0x83, 0x83, 0xff, 0xf0, 0x7f, 0xff, 0xff, 0xff, 0xff, 0xff, 0x1f, 0xff, 0xff, 0xf8, 
0xff, 0xff, 0xff, 0xf8, 0xff, 0xc1, 0xc3, 0x03, 0x0e, 0x1c, 0x07, 0xff, 0x0f, 0xf0, 0x7f, 0x0f, 
0xf0, 0x7f, 0xf8, 0x7e, 0x10, 0x78, 0x3e, 0x0e, 0x1c, 0x07, 0x83, 0x81, 0xff, 0xf8, 0x7f, 0xff, 
0xff, 0xff, 0xff, 0xfe, 0x3f, 0xcf, 0xff, 0xf8, 0xff, 0xff, 0xff, 0xfc, 0x7f, 0xc1, 0x83, 0x07, 
0x0e, 0x1e, 0x07, 0xff, 0x0f, 0xf0, 0x7f, 0x0f, 0xf0, 0x3f, 0xf8, 0x7e, 0x18, 0x78, 0x3e, 0x0e, 
0x1e, 0x07, 0x83, 0x81, 0xff, 0xf8, 0x7f, 0xff, 0xff, 0xff, 0xff, 0xfe, 0x3f, 0xcf, 0xff, 0xf0, 
0x3f, 0xff, 0xff, 0xfe, 0x7f, 0xc1, 0x83, 0x07, 0x0e, 0x1e, 0x07, 0xff, 0x0f, 0xf0, 0x7f, 0x0f, 
0xf8, 0x0f, 0xf8, 0x7e, 0x18, 0x3c, 0x1c, 0x1e, 0x1e, 0x07, 0x83, 0xc0, 0x7e, 0xf0, 0x7f, 0xff, 
0xff, 0xff, 0xff, 0xfe, 0x63, 0xc7, 0xff, 0xe0, 0x1f, 0xff, 0xff, 0xfe, 0x3c, 0x03, 0x83, 0x87, 
0x0e, 0x1e, 0x07, 0xff, 0x00, 0x70, 0x03, 0x00, 0x78, 0x00, 0xf8, 0x7e, 0x18, 0x3c, 0x00, 0x1e, 
0x1e, 0x07, 0x83, 0xe0, 0x06, 0x00, 0x7f, 0xff, 0xff, 0xff, 0xff, 0xfc, 0x63, 0xc0, 0x00, 0x00, 
0x00, 0x00, 0x0f, 0xfe, 0x3c, 0x03, 0x83, 0x87, 0x06, 0x1f, 0x07, 0xff, 0x00, 0x70, 0x03, 0x00, 
0x7c, 0x00, 0xf8, 0x7e, 0x1c, 0x3e, 0x00, 0x3e, 0x1f, 0x07, 0x83, 0xe0, 0x06, 0x00, 0xff, 0xff, 
0xff, 0xff, 0xff, 0xfc, 0x63, 0xc0, 0x00, 0x00, 0x00, 0x00, 0x0f, 0xff, 0x1c, 0x03, 0x83, 0x87, 
0x06, 0x1f, 0x07, 0xff, 0x00, 0x70, 0x03, 0x00, 0x7e, 0x00, 0xf8, 0x7e, 0x1c, 0x1f, 0x00, 0x7e, 
0x1f, 0x07, 0x83, 0xf0, 0x06, 0x00, 0xff, 0xff, 0xff, 0xff, 0xff, 0xf8, 0xe3, 0xc7, 0xff, 0xe0, 
0x1f, 0xff, 0x8f, 0xff, 0x1c, 0x07, 0x87, 0x87, 0x06, 0x1f, 0x87, 0xff, 0x00, 0x70, 0x03, 0x00, 
0x7f, 0x80, 0xf8, 0x7e, 0x1c, 0x1f, 0x80, 0xfe, 0x1f, 0x87, 0x83, 0xfc, 0x06, 0x01, 0xfc, 0xff, 
0xff, 0xff, 0xff, 0xf8, 0xe3, 0xcf, 0xff, 0xe0, 0x3f, 0xff, 0x8f, 0xff, 0x9f, 0xff, 0xff, 0xff, 
0xff, 0xff, 0xff, 0xff, 0xff, 0xff, 0xff, 0xff, 0xff, 0xff, 0xff, 0xff, 0xff, 0xff, 0xff, 0xff, 
0xff, 0xff, 0xff, 0xff, 0xff, 0xff, 0xf8, 0xff, 0xff, 0xff, 0xff, 0xf8, 0xe3, 0xcf, 0xff, 0xf0, 
0x3f, 0xff, 0x8f, 0xff, 0x8f, 0xff, 0xff, 0xff, 0xff, 0xff, 0xff, 0xff, 0xff, 0xff, 0xff, 0xff, 
0xff, 0xff, 0xff, 0xff, 0xff, 0xff, 0xff, 0xff, 0xff, 0xff, 0xff, 0xff, 0xff, 0xff, 0xf0, 0xff, 
0xff, 0xff, 0xff, 0xf9, 0xe3, 0xff, 0xff, 0xfc, 0xff, 0xff, 0x8f, 0xff, 0x8f, 0xff, 0xff, 0xff, 
0xff, 0xff, 0xff, 0xff, 0xff, 0xff, 0xff, 0xff, 0xff, 0xff, 0xff, 0xff, 0xff, 0xff, 0xff, 0xff, 
0xff, 0xff, 0xff, 0xff, 0xff, 0xff, 0xe1, 0xff, 0xff, 0xff, 0xff, 0xf1, 0xe3, 0xff, 0xff, 0xff, 
0xff, 0xc0, 0x00, 0x00, 0x00, 0x00, 0x00, 0x00, 0x00, 0x00, 0x00, 0x00, 0x00, 0x00, 0x00, 0x00, 
0x00, 0x00, 0x00, 0x00, 0x00, 0x00, 0x00, 0x00, 0x00, 0x00, 0x00, 0x00, 0x00, 0x00, 0x03, 0xff, 
0xff, 0xff, 0xff, 0xf1, 0xe3, 0xff, 0xff, 0xff, 0xff, 0xc0, 0x00, 0x00, 0x00, 0x00, 0x00, 0x00, 
0x00, 0x00, 0x00, 0x00, 0x00, 0x00, 0x00, 0x00, 0x00, 0x00, 0x00, 0x00, 0x00, 0x00, 0x00, 0x00, 
0x00, 0x00, 0x00, 0x00, 0x00, 0x00, 0x07, 0xff, 0xff, 0xff, 0xff, 0xf1, 0xe3, 0xcf, 0xf3, 0xff, 
0xff, 0x80, 0x00, 0x00, 0x00, 0x00, 0x00, 0x00, 0x00, 0x00, 0x00, 0x00, 0x00, 0x00, 0x00, 0x00, 
0x00, 0x00, 0x00, 0x00, 0x00, 0x00, 0x00, 0x00, 0x00, 0x00, 0x00, 0x00, 0x00, 0x00, 0x0f, 0xff, 
0xff, 0xff, 0xff, 0xf3, 0xe3, 0xcf, 0xc3, 0xff, 0xff, 0x1f, 0x8f, 0xff, 0xc7, 0xff, 0xff, 0xff, 
0xff, 0xff, 0xff, 0xff, 0xff, 0xff, 0xff, 0xff, 0xff, 0xff, 0xff, 0xff, 0xff, 0xff, 0xff, 0xff, 
0xff, 0xff, 0xff, 0xff, 0xff, 0xff, 0xff, 0xff, 0xff, 0xff, 0xff, 0xf3, 0xe3, 0xcf, 0x03, 0xff, 
0xfe, 0x3f, 0x0f, 0xff, 0xc7, 0xff, 0xff, 0xff, 0xff, 0xff, 0xff, 0xff, 0xff, 0xff, 0xff, 0xff, 
0xff, 0xff, 0xff, 0xff, 0xff, 0xff, 0xff, 0xff, 0xff, 0xff, 0xff, 0xff, 0xff, 0xff, 0xff, 0xff, 
0xff, 0xff, 0xff, 0xf3, 0xe3, 0xcc, 0x00, 0x00, 0xfe, 0x3f, 0x07, 0xff, 0xc7, 0x07, 0xe7, 0xf8, 
0x1f, 0xe1, 0xf0, 0x3f, 0x07, 0xfc, 0x3f, 0xc7, 0x3f, 0x1f, 0xe1, 0xff, 0xfc, 0x3e, 0x71, 0xf0, 
0xf8, 0x1f, 0x83, 0xf8, 0xc7, 0xf8, 0x7f, 0xff, 0xff, 0xff, 0xff, 0xf3, 0xe3, 0xcc, 0x00, 0x00, 
0xff, 0x7e, 0x03, 0xff, 0xc7, 0x07, 0xe7, 0xf8, 0x1f, 0xc1, 0xf0, 0x3f, 0x03, 0xf8, 0x1f, 0xc6, 
0x3f, 0x1f, 0xc1, 0xff, 0xf8, 0x3e, 0x33, 0xe0, 0xf8, 0x1f, 0x83, 0xf0, 0xc7, 0xf0, 0x7f, 0xff, 
0xff, 0xff, 0xff, 0xe3, 0xe3, 0xce, 0x00, 0x00, 0xff, 0xfe, 0x03, 0xff, 0xc7, 0x3f, 0xe7, 0xf8, 
0xff, 0x87, 0xfc, 0x7f, 0x33, 0xf1, 0x8f, 0xc2, 0x3f, 0x1f, 0x87, 0xff, 0xf8, 0xff, 0x23, 0xe3, 
0xfe, 0x3f, 0x8f, 0xf0, 0xc3, 0xe3, 0xff, 0xff, 0xff, 0xff, 0xff, 0xe3, 0xe3, 0xcf, 0x83, 0xf8, 
0xff, 0xfc, 0x01, 0xff, 0xc7, 0x3f, 0xe7, 0xf8, 0xff, 0x1f, 0xfc, 0xff, 0x33, 0xf3, 0x8f, 0xc2, 
0x3f, 0x1f, 0x8f, 0xff, 0xf9, 0xff, 0x27, 0xe7, 0xfe, 0x3f, 0x9f, 0xf0, 0x83, 0xe3, 0xff, 0xff, 
0xff, 0xff, 0xff, 0xf3, 0xe3, 0xcf, 0xe3, 0xf8, 0xff, 0xf8, 0x01, 0xff, 0xc7, 0x3f, 0xe7, 0xf8, 
0xff, 0x1f, 0xfc, 0xff, 0x33, 0xf3, 0xcf, 0xc2, 0x3f, 0x1f, 0x8f, 0xff, 0xf8, 0xff, 0x07, 0xe3, 
0xfe, 0x3f, 0x9f, 0xf0, 0x83, 0xe3, 0xff, 0xff, 0xff, 0xff, 0xff, 0xf3, 0xe3, 0xff, 0xfb, 0xf8, 
0xff, 0xf8, 0x00, 0xff, 0xc7, 0x07, 0xe7, 0xf8, 0x3f, 0x1f, 0xfc, 0xff, 0x03, 0xf3, 0xcf, 0xc0, 
0x3f, 0x1f, 0x9f, 0xff, 0xf8, 0x7f, 0x8f, 0xe1, 0xfe, 0x3f, 0x83, 0xf2, 0x03, 0xf1, 0xff, 0xff, 
0xff, 0xff, 0xff, 0xf3, 0xe3, 0xff, 0xff, 0xf8, 0xff, 0xf0, 0x00, 0xff, 0xc7, 0x07, 0xe7, 0xf8, 
0x3f, 0x1f, 0xfc, 0xff, 0x07, 0xf3, 0xcf, 0xc8, 0x3f, 0x1f, 0x9f, 0xff, 0xfc, 0x3f, 0x8f, 0xf0, 
0xfe, 0x3f, 0x83, 0xf2, 0x13, 0xf8, 0xff, 0xff, 0xff, 0xf0, 0x7f, 0xf3, 0xe3, 0xff, 0xff, 0xf8, 
0xff, 0xf0, 0x00, 0x7f, 0xc7, 0x3f, 0xe7, 0xf8, 0xff, 0x1f, 0xfc, 0xff, 0x07, 0xf3, 0xcf, 0xcc, 
0x3f, 0x1f, 0x9f, 0xff, 0xfe, 0x3f, 0x8f, 0xf8, 0xfe, 0x3f, 0x9f, 0xf2, 0x13, 0xfc, 0x7f, 0xff, 
0xff, 0xc0, 0x3f, 0xf1, 0xe3, 0xcf, 0xff, 0xf8, 0x7f, 0xe0, 0x00, 0x3f, 0xc7, 0x3f, 0xe7, 0xf8, 
0xff, 0x1f, 0xfc, 0xff, 0x07, 0xf3, 0xcf, 0xcc, 0x3f, 0x1f, 0x8f, 0xff, 0xff, 0x1f, 0x8f, 0xfc, 
0x7e, 0x3f, 0x9f, 0xf2, 0x33, 0xfe, 0x7f, 0xff, 0xff, 0x80, 0x1f, 0xf1, 0xe3, 0xcf, 0xff, 0xf0, 
0x3f, 0xe0, 0x00, 0x3f, 0xcf, 0x3f, 0xe7, 0xf8, 0xff, 0x8f, 0xfc, 0xff, 0x23, 0xf1, 0x8f, 0xcc, 
0x3f, 0x1f, 0x87, 0xff, 0xff, 0x1f, 0x8f, 0xfc, 0x7e, 0x3f, 0x9f, 0xf3, 0x33, 0xfe, 0x7f, 0xff, 
0xff, 0x8f, 0x00, 0x00, 0x03, 0xc7, 0xff, 0xe0, 0x1f, 0xff, 0x8f, 0xff, 0xcf, 0x07, 0xe0, 0xf8, 
0x1f, 0x81, 0xfc, 0xff, 0x23, 0xf0, 0x1f, 0xce, 0x3f, 0x1f, 0xc1, 0xff, 0xf8, 0x3f, 0x8f, 0xe0, 
0xfe, 0x3f, 0x83, 0xf3, 0x33, 0xe0, 0x7f, 0xff, 0xff, 0x8f, 0x80, 0x00, 0x03, 0xc0, 0x00, 0x00, 
0x00, 0x00, 0x0f, 0xff, 0x8f, 0x07, 0xe0, 0xf8, 0x1f, 0xc1, 0xfc, 0xff, 0x33, 0xf8, 0x1f, 0xce, 
0x3f, 0x1f, 0xe1, 0xff, 0xf8, 0x3f, 0x8f, 0xe0, 0xfe, 0x3f, 0x83, 0xe3, 0x33, 0xf0, 0x7f, 0xff, 
0xff, 0x8f, 0x80, 0x00, 0x03, 0xc0, 0x00, 0x00, 0x00, 0x00, 0x0f, 0xff, 0x8f, 0xff, 0xff, 0xff, 
0xff, 0xf1, 0xff, 0xff, 0xff, 0xfe, 0x7f, 0xff, 0xff, 0xff, 0xf9, 0xff, 0xfc, 0xff, 0xff, 0xf3, 
0xff, 0xff, 0xff, 0xff, 0xff, 0xf1, 0xff, 0xff, 0xff, 0x8f, 0x8f, 0xf8, 0xff, 0xc7, 0xff, 0xe0, 
0x1f, 0xff, 0xff, 0xff, 0x8f, 0xff, 0xff, 0xff, 0xff, 0xff, 0xff, 0xff, 0xff, 0xff, 0xff, 0xff, 
0xff, 0xff, 0xff, 0xff, 0xff, 0xff, 0xff, 0xff, 0xff, 0xff, 0xff, 0xff, 0xff, 0xff, 0xff, 0xff, 
0xff, 0x87, 0x1f, 0xf8, 0xff, 0xcf, 0xff, 0xe0, 0x3f, 0xff, 0xff, 0xff, 0x1f, 0xff, 0xff, 0xff, 
0xff, 0xff, 0xff, 0xff, 0xff, 0xff, 0xff, 0xff, 0xff, 0xff, 0xff, 0xff, 0xff, 0xff, 0xff, 0xff, 
0xff, 0xff, 0xff, 0xff, 0xff, 0xff, 0xff, 0xff, 0xff, 0xc0, 0x1f, 0xfc, 0xff, 0xcf, 0xff, 0xf0, 
0x7f, 0xff, 0xff, 0xff, 0x1f, 0xff, 0xff, 0xff, 0xff, 0xff, 0xff, 0xff, 0xff, 0xff, 0xff, 0xff, 
0xff, 0xff, 0xff, 0xff, 0xff, 0xff, 0xff, 0xff, 0xff, 0xff, 0xff, 0xff, 0xff, 0xff, 0xff, 0xff, 
0xff, 0xe0, 0x3f, 0xfc, 0x7f, 0xff, 0xff, 0xf8, 0xff, 0xff, 0xff, 0xff, 0x3f, 0xff, 0xff, 0xff, 
0xff, 0xff, 0xff, 0xff, 0xff, 0xff, 0xff, 0xff, 0xff, 0xff, 0xff, 0xff, 0xff, 0xff, 0xff, 0xff, 
0xff, 0xff, 0xff, 0xff, 0xff, 0xff, 0xff, 0xff, 0xff, 0xf0, 0xff, 0xfc, 0x7f, 0xff, 0xff, 0xf8, 
0xff, 0xff, 0xff, 0xfe, 0x3f, 0xff, 0xff, 0xff, 0xff, 0xff, 0xff, 0xff, 0xff, 0xff, 0xff, 0xff, 
0xff, 0xff, 0xff, 0xff, 0xff, 0xff, 0xff, 0xff, 0xff, 0xff, 0xff, 0xff, 0xff, 0xff, 0xff, 0xff, 
0xff, 0xff, 0xff, 0xfe, 0x3f, 0xff, 0xff, 0xf8, 0xff, 0xff, 0xff, 0xfe, 0x3f, 0xff, 0xff, 0xff, 
0xff, 0xff, 0xff, 0xff, 0xff, 0xff, 0xff, 0xff, 0xff, 0xff, 0xff, 0xff, 0xff, 0xff, 0xff, 0xff, 
0xff, 0xff, 0xff, 0xff, 0xff, 0xff, 0xff, 0xff, 0xff, 0xff, 0xff, 0xfe, 0x3f, 0xff, 0xff, 0xf8, 
0xff, 0xff, 0xff, 0xfc, 0x7f, 0xff, 0xff, 0xff, 0xff, 0xff, 0xff, 0xff, 0xff, 0xff, 0xff, 0xff, 
0xff, 0xff, 0xff, 0xff, 0xff, 0xff, 0xff, 0xff, 0xff, 0xff, 0xff, 0xff, 0xff, 0xff, 0xff, 0xff, 
0xff, 0xff, 0xff, 0xff, 0x1f, 0xff, 0xff, 0xf8, 0xff, 0xff, 0xff, 0xfc, 0x7f, 0xff, 0xff, 0xff, 
0xff, 0xff, 0xff, 0xff, 0xff, 0xff, 0xff, 0xff, 0xff, 0xff, 0xff, 0xff, 0xff, 0xff, 0xff, 0xff, 
0xff, 0xff, 0xff, 0xff, 0xff, 0xff, 0xff, 0xff, 0xff, 0xff, 0xff, 0xff, 0x0f, 0xff, 0xff, 0xf8, 
0xff, 0xff, 0xff, 0xf8, 0xff, 0xff, 0xff, 0xff, 0xff, 0xff, 0xff, 0xff, 0xff, 0xff, 0xff, 0xff, 
0xff, 0xff, 0xff, 0xff, 0xff, 0xff, 0xff, 0xff, 0xff, 0xff, 0xff, 0xff, 0xff, 0xff, 0xff, 0xff, 
0xff, 0xff, 0xff, 0xff, 0x8f, 0xff, 0xff, 0xf8, 0xff, 0xff, 0xff, 0xf1, 0xff, 0xff, 0xff, 0xff, 
0xff, 0xff, 0xff, 0xff, 0xff, 0xff, 0xff, 0xff, 0xff, 0xff, 0xff, 0xff, 0xff, 0xff, 0xff, 0xff, 
0xff, 0xff, 0xff, 0xff, 0xff, 0xff, 0xff, 0xff, 0xff, 0xff, 0xff, 0xff, 0xc7, 0xff, 0xff, 0xf8, 
0xff, 0xff, 0xff, 0xf1, 0xff, 0xff, 0xff, 0xff, 0xff, 0xff, 0xff, 0xff, 0xff, 0xff, 0xff, 0xff, 
0xff, 0xff, 0xff, 0xff, 0xff, 0xff, 0xff, 0xff, 0xff, 0xff, 0xff, 0xff, 0xff, 0xff, 0xff, 0xff, 
0xff, 0xff, 0xff, 0xff, 0xc3, 0xff, 0xff, 0xf8, 0xff, 0xff, 0xff, 0xe3, 0xff, 0xff, 0xff, 0xff, 
0xff, 0xff, 0xff, 0xff, 0xff, 0xff, 0xff, 0xff, 0xff, 0xff, 0xff, 0xff, 0xff, 0xff, 0xff, 0xff, 
0xff, 0xff, 0xff, 0xff, 0xff, 0xff, 0xff, 0xff, 0xff, 0xff, 0xff, 0xff, 0xe1, 0xff, 0xff, 0xf8, 
0xff, 0xff, 0xff, 0xc7, 0xff, 0xff, 0xff, 0xff, 0xff, 0xff, 0xff, 0xff, 0xff, 0xff, 0xff, 0xff, 
0xff, 0xff, 0xff, 0xff, 0xff, 0xff, 0xff, 0xff, 0xff, 0xff, 0xff, 0xff, 0xff, 0xff, 0xff, 0xff, 
0xff, 0xff, 0xff, 0xff, 0xf1, 0xff, 0xff, 0xf8, 0xff, 0xff, 0xff, 0x87, 0xff, 0xff, 0xff, 0xff, 
0xff, 0xff, 0xff, 0xff, 0xff, 0xff, 0xff, 0xff, 0xff, 0xff, 0xff, 0xff, 0xff, 0xff, 0xff, 0xff, 
0xff, 0xff, 0xff, 0xff, 0xff, 0xff, 0xff, 0xff, 0xff, 0xff, 0xff, 0xff, 0xf8, 0xff, 0xff, 0xf8, 
0xff, 0xff, 0xff, 0x0f, 0xff, 0xff, 0xff, 0xff, 0xff, 0xff, 0xff, 0xff, 0xff, 0xff, 0xff, 0xff, 
0xff, 0xff, 0xff, 0xff, 0xff, 0xff, 0xff, 0xff, 0xff, 0xff, 0xff, 0xff, 0xff, 0xff, 0xff, 0xff, 
0xff, 0xff, 0xff, 0xff, 0xfc, 0x3f, 0xff, 0xf8, 0xff, 0xff, 0xfe, 0x1f, 0xff, 0xff, 0xff, 0xff, 
0xff, 0xff, 0xff, 0xff, 0xff, 0xff, 0xff, 0xff, 0xff, 0xff, 0xff, 0xff, 0xff, 0xff, 0xff, 0xff, 
0xff, 0xff, 0xff, 0xff, 0xff, 0xff, 0xff, 0xff, 0xff, 0xff, 0xff, 0xff, 0xfe, 0x1f, 0xff, 0xf8, 
0xff, 0xff, 0xfc, 0x3f, 0xff, 0xff, 0xff, 0xff, 0xff, 0xff, 0xff, 0xff, 0xff, 0xff, 0xff, 0xff, 
0xff, 0xff, 0xff, 0xff, 0xff, 0xff, 0xff, 0xff, 0xff, 0xff, 0xff, 0xff, 0xff, 0xff, 0xff, 0xff, 
0xff, 0xff, 0xff, 0xff, 0xff, 0x0f, 0xff, 0xf8, 0xff, 0xff, 0xf8, 0x7f, 0xff, 0xff, 0xff, 0xff, 
0xff, 0xff, 0xff, 0xff, 0xff, 0xff, 0xff, 0xff, 0xff, 0xff, 0xff, 0xff, 0xff, 0xff, 0xff, 0xff, 
0xff, 0xff, 0xff, 0xff, 0xff, 0xff, 0xff, 0xff, 0xff, 0xff, 0xff, 0xff, 0xff, 0x87, 0xff, 0xf8, 
0xff, 0xff, 0xe0, 0xff, 0xff, 0xff, 0xff, 0xff, 0xff, 0xff, 0xff, 0xff, 0xff, 0xff, 0xff, 0xff, 
0xff, 0xff, 0xff, 0xff, 0xff, 0xff, 0xff, 0xff, 0xff, 0xff, 0xff, 0xff, 0xff, 0xff, 0xff, 0xff, 
0xff, 0xff, 0xff, 0xff, 0xff, 0xc1, 0xff, 0xf8, 0xff, 0xff, 0x83, 0xff, 0xff, 0xff, 0xff, 0xff, 
0xff, 0xff, 0xff, 0xff, 0xff, 0xff, 0xff, 0xff, 0xff, 0xff, 0xff, 0xff, 0xff, 0xff, 0xff, 0xff, 
0xff, 0xff, 0xff, 0xff, 0xff, 0xff, 0xff, 0xff, 0xff, 0xff, 0xff, 0xff, 0xff, 0xf0, 0x7f, 0xf8, 
0xff, 0xff, 0x07, 0xff, 0xff, 0xff, 0xff, 0xff, 0xff, 0xff, 0xff, 0xff, 0xff, 0xff, 0xff, 0xff, 
0xff, 0xff, 0xff, 0xff, 0xff, 0xff, 0xff, 0xff, 0xff, 0xff, 0xff, 0xff, 0xff, 0xff, 0xff, 0xff, 
0xff, 0xff, 0xff, 0xff, 0xff, 0xf8, 0x1f, 0xf8, 0xff, 0xf8, 0x1f, 0xff, 0xff, 0xff, 0xff, 0xff, 
0xff, 0xff, 0xff, 0xff, 0xff, 0xff, 0xff, 0xff, 0xff, 0xff, 0xff, 0xff, 0xff, 0xff, 0xff, 0xff, 
0xff, 0xff, 0xff, 0xff, 0xff, 0xff, 0xff, 0xff, 0xff, 0xff, 0xff, 0xff, 0xff, 0xfe, 0x03, 0xf8, 
0xff, 0xe0, 0x3f, 0xff, 0xff, 0xff, 0xff, 0xff, 0xff, 0xff, 0xff, 0xff, 0xff, 0xff, 0xff, 0xff, 
0xff, 0xff, 0xff, 0xff, 0xff, 0xff, 0xff, 0xff, 0xff, 0xff, 0xff, 0xff, 0xff, 0xff, 0xff, 0xff, 
0xff, 0xff, 0xff, 0xff, 0xff, 0xff, 0x80, 0x38, 0xfe, 0x01, 0xff, 0xff, 0xff, 0xff, 0xff, 0xff, 
0xff, 0xff, 0xff, 0xff, 0xff, 0xff, 0xff, 0xff, 0xff, 0xff, 0xff, 0xff, 0xff, 0xff, 0xff, 0xff, 
0xff, 0xff, 0xff, 0xff, 0xff, 0xff, 0xff, 0xff, 0xff, 0xff, 0xff, 0xff, 0xff, 0xff, 0xe0, 0x00, 
0x00, 0x07, 0xff, 0xff, 0xff, 0xff, 0xff, 0xff, 0xff, 0xff, 0xff, 0xff, 0xff, 0xff, 0xff, 0xff, 
0xff, 0xff, 0xff, 0xff, 0xff, 0xff, 0xff, 0xff, 0xff, 0xff, 0xff, 0xff, 0xff, 0xff, 0xff, 0xff, 
0xff, 0xff, 0xff, 0xff, 0xff, 0xff, 0xfe, 0x00, 0x00, 0x3f, 0xff, 0xff, 0xff, 0xff, 0xff, 0xff, 
0xff, 0xff, 0xff, 0xff, 0xff, 0xff, 0xff, 0xff, 0xff, 0xff, 0xff, 0xff, 0xff, 0xff, 0xff, 0xff, 
0xff, 0xff, 0xff, 0xff, 0xff, 0xff, 0xff, 0xff, 0xff, 0xff, 0xff, 0xff, 0xff, 0xff, 0xff, 0xf0, 
0x07, 0xff, 0xff, 0xff, 0xff, 0xff, 0xff, 0xff, 0xff, 0xff, 0xff, 0xff, 0xff, 0xff, 0xff, 0xff, 
0xff, 0xff, 0xff, 0xff, 0xff, 0xff, 0xff, 0xff, 0xff, 0xff, 0xff, 0xff, 0xff, 0xff, 0xff, 0xff, 
0xff, 0xff, 0xff, 0xff, 0xff, 0xff, 0xff, 0xf8, 0xff, 0xff, 0xff, 0xff, 0xff, 0xff, 0xff, 0xff, 
0xff, 0xff, 0xff, 0xff, 0xff, 0xff, 0xff, 0xff, 0xff, 0xff, 0xff, 0xff, 0xff, 0xff, 0xff, 0xff, 
0xff, 0xff, 0xff, 0xff, 0xff, 0xff, 0xff, 0xff, 0xff, 0xff, 0xff, 0xff, 0xff, 0xff, 0xff, 0xf8, 
0xff, 0xff, 0xff, 0xff, 0xff, 0xff, 0xff, 0xff, 0xff, 0xff, 0xff, 0xff, 0xff, 0xff, 0xff, 0xff, 
0xff, 0xff, 0xff, 0xff, 0xff, 0xff, 0xff, 0xff, 0xff, 0xff, 0xff, 0xff, 0xff, 0xff, 0xff, 0xff, 
0xff, 0xff, 0xff, 0xff, 0xff, 0xff, 0xff, 0xf8, 0xff, 0xff, 0xff, 0xff, 0xff, 0xff, 0xff, 0xff, 
0xff, 0xff, 0xff, 0xff, 0xff, 0xff, 0xff, 0xff, 0xff, 0xff, 0xff, 0xff, 0xff, 0xff, 0xff, 0xff, 
0xff, 0xff, 0xff, 0xff, 0xff, 0xff, 0xff, 0xff, 0xff, 0xff, 0xff, 0xff, 0xff, 0xff, 0xff, 0xf8, 
0xff, 0xff, 0xff, 0xff, 0xff, 0xff, 0xff, 0xff, 0xff, 0xff, 0xff, 0xff, 0xff, 0xff, 0xff, 0xff, 
0xff, 0xff, 0xff, 0xff, 0xff, 0xff, 0xff, 0xff, 0xff, 0xff, 0xff, 0xff, 0xff, 0xff, 0xff, 0xff, 
0xff, 0xff, 0xff, 0xff, 0xff, 0xff, 0xff, 0xf8, 0xff, 0xff, 0xff, 0xff, 0xff, 0xff, 0xff, 0xff, 
0xff, 0xff, 0xff, 0xff, 0xff, 0xff, 0xff, 0xff, 0xff, 0xff, 0xff, 0xff, 0xff, 0xff, 0xff, 0xff, 
0xff, 0xff, 0xff, 0xff, 0xff, 0xff, 0xff, 0xff, 0xff, 0xff, 0xff, 0xff, 0xff, 0xff, 0xff, 0xf8, 
0xff, 0xff, 0xff, 0xff, 0xff, 0xff, 0xff, 0xff, 0xff, 0xff, 0xff, 0xff, 0xff, 0xff, 0xff, 0xff, 
0xff, 0xff, 0xff, 0xff, 0xff, 0xff, 0xff, 0xff, 0xff, 0xff, 0xff, 0xff, 0xff, 0xff, 0xff, 0xff, 
0xff, 0xff, 0xff, 0xff, 0xff, 0xff, 0xff, 0xf8, 0xff, 0xff, 0xff, 0xff, 0xff, 0xff, 0xff, 0xff, 
0xff, 0xff, 0xff, 0xff, 0xff, 0xff, 0xff, 0xff, 0xff, 0xff, 0xff, 0xff, 0xff, 0xff, 0xff, 0xff, 
0xff, 0xff, 0xff, 0xff, 0xff, 0xff, 0xff, 0xff, 0xff, 0xff, 0xff, 0xff, 0xff, 0xff, 0xff, 0xf8, 
0xff, 0xff, 0xff, 0xff, 0xff, 0xff, 0xff, 0xff, 0xff, 0xff, 0xff, 0xff, 0xff, 0xff, 0xff, 0xff, 
0xff, 0xff, 0xff, 0xff, 0xff, 0xff, 0xff, 0xff, 0xff, 0xff, 0xff, 0xff, 0xff, 0xff, 0xff, 0xff, 
0xff, 0xff, 0xff, 0xff, 0xff, 0xff, 0xff, 0xe0, 0x3f, 0xff, 0xff, 0xff, 0xff, 0xff, 0xff, 0xff, 
0xff, 0xff, 0xff, 0xff, 0xff, 0xff, 0xff, 0xff, 0xff, 0xff, 0xff, 0xff, 0xff, 0xff, 0xff, 0xff, 
0xff, 0xff, 0xff, 0xff, 0xff, 0xff, 0xff, 0xff, 0xff, 0xff, 0xff, 0xff, 0xff, 0xff, 0xff, 0xc0, 
0x1f, 0xff, 0xff, 0xff, 0xff, 0xff, 0xff, 0xff, 0xff, 0xff, 0xff, 0xff, 0xff, 0xff, 0xff, 0xff, 
0xff, 0xff, 0xff, 0xff, 0xff, 0xff, 0xff, 0xff, 0xff, 0xff, 0xff, 0xff, 0xff, 0xff, 0xff, 0xff, 
0xff, 0xff, 0xff, 0xff, 0xff, 0xff, 0xff, 0xc3, 0x0f, 0xff, 0xff, 0xff, 0xff, 0xff, 0xff, 0xff, 
0xff, 0xff, 0xff, 0xff, 0xff, 0xff, 0xff, 0xff, 0xff, 0xff, 0xff, 0xff, 0xff, 0xff, 0xff, 0xff, 
0xff, 0xff, 0xff, 0xff, 0xff, 0xff, 0xff, 0xff, 0xff, 0xff, 0xff, 0xff, 0xff, 0xff, 0xff, 0x8f, 
0x8f, 0xff, 0xff, 0xff, 0xff, 0xff, 0xff, 0xff, 0xff, 0xff, 0xff, 0xff, 0xff, 0xff, 0xff, 0xff, 
0xff, 0xff, 0xff, 0xff, 0xff, 0xff, 0xff, 0xff, 0xff, 0xff, 0xff, 0xff, 0xff, 0xff, 0xff, 0xff, 
0xff, 0xff, 0xff, 0xff, 0xff, 0xff, 0xff, 0x8f, 0x8f, 0xff, 0xff, 0xff, 0xff, 0xff, 0xff, 0xff, 
0xff, 0xff, 0xff, 0xff, 0xff, 0xff, 0xff, 0xff, 0xff, 0xff, 0xff, 0xff, 0xff, 0xff, 0xff, 0xff, 
0xff, 0xff, 0xff, 0xff, 0xff, 0xff, 0xff, 0xff, 0xff, 0xff, 0xff, 0xff, 0xff, 0xff, 0xff, 0x8f, 
0x8f, 0xff, 0xff, 0xff, 0xff, 0xff, 0xff, 0xff, 0xff, 0xff, 0xff, 0xff, 0xff, 0xff, 0xff, 0xff, 
0xff, 0xff, 0xff, 0xff, 0xff, 0xff, 0xff, 0xff, 0xff, 0xff, 0xff, 0xff, 0xff, 0xff, 0xff, 0xff, 
0xff, 0xff, 0xff, 0xff, 0xff, 0xff, 0xff, 0x87, 0x8f, 0xff, 0xff, 0xff, 0xff, 0xff, 0xff, 0xff, 
0xff, 0xff, 0xff, 0xff, 0xff, 0xff, 0xff, 0xff, 0xff, 0xff, 0xff, 0xff, 0xff, 0xff, 0xff, 0xff, 
0xff, 0xff, 0xff, 0xff, 0xff, 0xff, 0xff, 0xff, 0xff, 0xff, 0xff, 0xff, 0xff, 0xff, 0xff, 0xc2, 
0x0f, 0xff, 0xff, 0xff, 0xff, 0xff, 0xff, 0xff, 0xff, 0xff, 0xff, 0xff, 0xff, 0xff, 0xff, 0xff, 
0xff, 0xff, 0xff, 0xff, 0xff, 0xff, 0xff, 0xff, 0xff, 0xff, 0xff, 0xff, 0xff, 0xff, 0xff, 0xff, 
0xff, 0xff, 0xff, 0xff, 0xff, 0xff, 0xff, 0xc0, 0x1f, 0xff, 0xff, 0xff, 0xff, 0xff, 0xff, 0xff, 
0xff, 0xff, 0xff, 0xff, 0xff, 0xff, 0xff, 0xff, 0xff, 0xff, 0xff, 0xff, 0xff, 0xff, 0xff, 0xff, 
0xff, 0xff, 0xff, 0xff, 0xff, 0xff, 0xff, 0xff, 0xff, 0xff, 0xff, 0xff, 0xff, 0xff, 0xff, 0xe0, 
0x3f, 0xff, 0xff, 0xff, 0xff, 0xff, 0xff, 0xff, 0xff, 0xff, 0xff, 0xff, 0xff, 0xff, 0xff, 0xff, 
0xff, 0xff, 0xff, 0xff, 0xff, 0xff, 0xff, 0xff, 0xff, 0xff, 0xff, 0xff, 0xff, 0xff, 0xff, 0xff
};

const uint8_t imagen_4[] = {
// 'JMnnegrotransparente-320_124', 240x84px
0xff, 0xff, 0xff, 0xff, 0xff, 0xff, 0xff, 0xff, 0xff, 0xff, 0xff, 0xff, 0xff, 0xff, 0xff, 0xff, 
0xff, 0xff, 0xff, 0xff, 0xff, 0xff, 0xff, 0xff, 0xff, 0xff, 0xff, 0xff, 0xff, 0xff, 0xff, 0xff, 
0xff, 0xff, 0xff, 0xff, 0xff, 0xff, 0xff, 0xff, 0xff, 0xff, 0xff, 0xff, 0xff, 0xff, 0xff, 0xff, 
0xff, 0xff, 0xff, 0xff, 0xff, 0xff, 0xff, 0xff, 0xff, 0xff, 0xff, 0xff, 0xff, 0xff, 0xff, 0xff, 
0xff, 0xff, 0xff, 0xff, 0xff, 0xff, 0xff, 0xff, 0xff, 0xff, 0xff, 0xff, 0xff, 0xff, 0xff, 0xff, 
0xff, 0xff, 0xff, 0xff, 0xff, 0xff, 0xff, 0xff, 0xff, 0xff, 0xff, 0xff, 0xff, 0xff, 0xff, 0xff, 
0xff, 0xff, 0xff, 0xff, 0xff, 0xff, 0xff, 0xff, 0xff, 0xff, 0xff, 0xff, 0xff, 0xff, 0xff, 0xff, 
0xff, 0xff, 0xff, 0xff, 0xff, 0xff, 0xff, 0xff, 0xff, 0xff, 0xff, 0xff, 0xff, 0xff, 0xff, 0xff, 
0xff, 0xff, 0xff, 0xff, 0xff, 0xff, 0xff, 0xff, 0xff, 0xff, 0xff, 0xff, 0xff, 0xff, 0xff, 0xff, 
0xff, 0xff, 0xff, 0xff, 0xff, 0xff, 0xff, 0xff, 0xff, 0xff, 0xff, 0x07, 0xff, 0xff, 0xff, 0xff, 
0xff, 0xff, 0xff, 0xff, 0xff, 0xff, 0xff, 0xff, 0xff, 0xff, 0xff, 0xff, 0xff, 0xff, 0xff, 0xff, 
0xff, 0xff, 0xff, 0xff, 0xff, 0xff, 0xff, 0xff, 0xfe, 0x03, 0xff, 0xff, 0xff, 0xff, 0xff, 0xff, 
0xff, 0xff, 0xff, 0xff, 0xff, 0xff, 0xff, 0xff, 0xff, 0xff, 0xff, 0xff, 0xff, 0xff, 0xff, 0xff, 
0xff, 0xff, 0xff, 0xff, 0xff, 0xff, 0xfe, 0x73, 0xff, 0xff, 0xff, 0xff, 0xff, 0xff, 0xff, 0xff, 
0xff, 0xff, 0xff, 0xff, 0xff, 0xff, 0xff, 0xff, 0xff, 0xff, 0xff, 0xff, 0xff, 0xff, 0xff, 0xff, 
0xff, 0xff, 0xff, 0xff, 0xfe, 0x73, 0xff, 0xff, 0xff, 0xff, 0xff, 0xff, 0xff, 0xff, 0xff, 0xff, 
0xff, 0xff, 0xff, 0xff, 0xff, 0xff, 0xff, 0xff, 0xff, 0xff, 0xff, 0xff, 0xff, 0xff, 0xff, 0xff, 
0xff, 0xff, 0xfe, 0x73, 0xff, 0xff, 0xff, 0xff, 0xff, 0xff, 0xff, 0xff, 0xff, 0xff, 0xff, 0xff, 
0xff, 0xff, 0xff, 0xff, 0xff, 0xff, 0xff, 0xff, 0xff, 0xff, 0xff, 0xff, 0xff, 0xff, 0xff, 0xff, 
0xfe, 0x03, 0xff, 0xff, 0xff, 0xff, 0xff, 0xff, 0xff, 0xff, 0xff, 0xff, 0xff, 0xff, 0xff, 0xff, 
0xff, 0xff, 0xff, 0xff, 0xff, 0xff, 0xff, 0xff, 0xff, 0xff, 0xff, 0xff, 0xff, 0xff, 0xff, 0x07, 
0xff, 0xff, 0xff, 0xff, 0xff, 0xff, 0xff, 0xff, 0xff, 0xff, 0xff, 0xff, 0xff, 0xff, 0xff, 0xff, 
0xff, 0xff, 0xff, 0xff, 0xff, 0xff, 0xff, 0xff, 0xff, 0xff, 0xff, 0xff, 0xff, 0x9f, 0xff, 0xff, 
0xff, 0xff, 0xff, 0xff, 0xff, 0xff, 0xff, 0xff, 0xff, 0xff, 0xff, 0xff, 0xff, 0xff, 0xff, 0xff, 
0xff, 0xff, 0xff, 0xff, 0xff, 0xff, 0xff, 0xff, 0xff, 0xff, 0xff, 0xdf, 0xff, 0xff, 0xff, 0xff, 
0xff, 0xff, 0xff, 0xff, 0xff, 0xff, 0xff, 0xff, 0xff, 0xff, 0xff, 0xff, 0xff, 0xff, 0xff, 0xff, 
0xff, 0xff, 0xff, 0xff, 0xff, 0xff, 0xff, 0xff, 0xff, 0xdf, 0xff, 0xff, 0xff, 0xff, 0xff, 0xff, 
0xff, 0xff, 0xff, 0xff, 0xff, 0xff, 0xff, 0xff, 0xff, 0xff, 0xff, 0xff, 0xff, 0xff, 0xff, 0xff, 
0xff, 0xff, 0xff, 0xff, 0xff, 0xff, 0xff, 0xdf, 0xff, 0xff, 0xff, 0xff, 0xff, 0xff, 0xff, 0xff, 
0xff, 0xff, 0xff, 0xff, 0xff, 0xff, 0xff, 0xff, 0xff, 0xff, 0xff, 0xff, 0xff, 0xff, 0xff, 0xff, 
0xff, 0xff, 0xff, 0xff, 0xff, 0xdf, 0xff, 0xff, 0xff, 0xff, 0xff, 0xff, 0xff, 0xff, 0xff, 0xff, 
0xff, 0xff, 0xff, 0xff, 0xff, 0xff, 0xff, 0xff, 0xff, 0xff, 0xff, 0xff, 0xff, 0xff, 0xff, 0xff, 
0xff, 0xff, 0xff, 0x9f, 0xff, 0xff, 0xff, 0xff, 0xff, 0xff, 0xff, 0xff, 0xff, 0xff, 0xff, 0xff, 
0xff, 0xff, 0xff, 0xff, 0xff, 0xff, 0xff, 0xff, 0xff, 0xff, 0xff, 0xff, 0xff, 0xff, 0xff, 0xff, 
0xfc, 0x00, 0x7f, 0xff, 0xff, 0xff, 0xff, 0xff, 0xff, 0xff, 0xff, 0xff, 0xff, 0xff, 0xff, 0xff, 
0xff, 0xff, 0xff, 0xff, 0xff, 0xff, 0xff, 0xff, 0xff, 0xff, 0xff, 0xff, 0xff, 0xff, 0xe0, 0x00, 
0x0f, 0xff, 0xff, 0xff, 0xff, 0xff, 0xff, 0xff, 0xff, 0xff, 0xff, 0xff, 0xff, 0xff, 0xff, 0xff, 
0xff, 0xff, 0xff, 0xff, 0xff, 0xff, 0xff, 0xff, 0xff, 0xff, 0xff, 0xff, 0x07, 0x9f, 0xc1, 0xff, 
0xff, 0x1c, 0x38, 0x71, 0xc7, 0xf0, 0x38, 0xf0, 0x1f, 0x04, 0x06, 0x07, 0xe0, 0xf8, 0xf3, 0x8f, 
0xc3, 0x83, 0xff, 0xff, 0xff, 0xff, 0xff, 0xff, 0xff, 0xfe, 0x1f, 0xdf, 0xf0, 0xff, 0xff, 0x1c, 
0x38, 0x61, 0xc7, 0xf0, 0x18, 0xf0, 0x1e, 0x04, 0x06, 0x03, 0xc0, 0x78, 0x63, 0x8f, 0x03, 0x03, 
0xff, 0xff, 0xff, 0xff, 0xff, 0xff, 0xff, 0xf8, 0xff, 0xdf, 0xfe, 0x3f, 0xff, 0x1c, 0x30, 0x60, 
0xc7, 0xf0, 0x38, 0xf0, 0x1c, 0x04, 0x06, 0x21, 0x80, 0x38, 0x63, 0x8e, 0x03, 0x03, 0xff, 0xff, 
0xff, 0xff, 0xff, 0xff, 0xff, 0xf1, 0xff, 0xdf, 0xff, 0x1f, 0xff, 0x1c, 0x30, 0x60, 0xc7, 0xf1, 
0xf8, 0xf1, 0xf8, 0x7f, 0x1e, 0x31, 0x8e, 0x38, 0x63, 0x8e, 0x1f, 0x1f, 0xff, 0xff, 0xff, 0xff, 
0xff, 0xff, 0xff, 0xe7, 0xff, 0xdf, 0xff, 0xcf, 0xff, 0x18, 0x10, 0x60, 0xc7, 0xf1, 0xf8, 0xf1, 
0xf8, 0xff, 0x1e, 0x31, 0x8e, 0x18, 0x23, 0x8c, 0x3f, 0x1f, 0xff, 0xff, 0xff, 0xff, 0xff, 0xff, 
0xff, 0xcf, 0xff, 0xdf, 0xff, 0xe7, 0xff, 0x18, 0x10, 0x60, 0x47, 0xf1, 0xf8, 0xf1, 0xf8, 0xff, 
0x1e, 0x31, 0x1f, 0x18, 0x23, 0x8c, 0x3f, 0x1f, 0xff, 0xff, 0xff, 0xff, 0xff, 0xff, 0xff, 0x9f, 
0xff, 0xdf, 0xff, 0xf3, 0xff, 0x18, 0x90, 0x62, 0x47, 0xf0, 0x38, 0xf0, 0x30, 0xff, 0x1e, 0x21, 
0x1f, 0x18, 0x23, 0x8c, 0x7f, 0x0f, 0xff, 0xff, 0xff, 0xff, 0xff, 0xff, 0xff, 0x3f, 0xff, 0xdf, 
0xff, 0xf9, 0xff, 0x18, 0x80, 0x62, 0x07, 0xf0, 0x38, 0xf0, 0x30, 0xff, 0x1e, 0x03, 0x1f, 0x18, 
0x03, 0x8c, 0x7f, 0x87, 0xff, 0xff, 0xff, 0xff, 0xff, 0xff, 0xfe, 0x7f, 0xff, 0xdf, 0xff, 0xfc, 
0xff, 0x18, 0x86, 0x62, 0x07, 0xf0, 0x38, 0xf0, 0x30, 0xff, 0x1e, 0x07, 0x1f, 0x18, 0x83, 0x8c, 
0x7f, 0xc3, 0xff, 0xff, 0xff, 0xff, 0xff, 0xff, 0xfc, 0x7f, 0xff, 0xdf, 0xff, 0xfc, 0x7f, 0x18, 
0x86, 0x63, 0x07, 0xf1, 0xf8, 0xf1, 0xf0, 0xff, 0x1e, 0x07, 0x1f, 0x18, 0x83, 0x8c, 0x3f, 0xe1, 
0xff, 0xff, 0xff, 0xff, 0xff, 0xff, 0xfc, 0xff, 0xff, 0xdf, 0xff, 0xfe, 0x7f, 0x18, 0x86, 0x63, 
0x07, 0xf1, 0xf8, 0xf1, 0xf8, 0xff, 0x1e, 0x03, 0x0f, 0x18, 0xc3, 0x8c, 0x3f, 0xe1, 0xff, 0xff, 
0xff, 0xff, 0xff, 0xff, 0xf9, 0xfb, 0xff, 0x9f, 0xff, 0xff, 0x3f, 0x18, 0x86, 0x23, 0x87, 0xf1, 
0xf8, 0xf1, 0xf8, 0x7f, 0x1e, 0x23, 0x8e, 0x18, 0xc3, 0x8e, 0x1f, 0xf1, 0xff, 0xff, 0xff, 0xff, 
0xff, 0xff, 0xf9, 0xf3, 0xff, 0x07, 0xff, 0xff, 0x3e, 0x18, 0xc6, 0x23, 0x87, 0xf0, 0x38, 0x10, 
0x18, 0x07, 0x1e, 0x23, 0x84, 0x38, 0xc3, 0x8e, 0x03, 0x41, 0xff, 0xff, 0xff, 0xff, 0xff, 0xff, 
0xf3, 0x30, 0x00, 0x00, 0x00, 0x7f, 0x98, 0x18, 0xc6, 0x23, 0x87, 0xf0, 0x18, 0x10, 0x1c, 0x07, 
0x1e, 0x31, 0xc0, 0x78, 0xe3, 0x8f, 0x03, 0x03, 0xff, 0xff, 0xff, 0xff, 0xff, 0xff, 0xf3, 0x30, 
0x00, 0x00, 0x00, 0x7f, 0x98, 0x38, 0xc6, 0x23, 0xc7, 0xf0, 0x18, 0x10, 0x1e, 0x07, 0x1e, 0x31, 
0xe0, 0x78, 0xe3, 0x8f, 0x83, 0x07, 0xff, 0xff, 0xff, 0xff, 0xff, 0xff, 0xf3, 0x33, 0xff, 0x07, 
0xfe, 0x7f, 0x9f, 0xff, 0xff, 0xff, 0xff, 0xff, 0xff, 0xff, 0xff, 0xff, 0xff, 0xff, 0xff, 0xff, 
0xff, 0xff, 0xff, 0xff, 0x8f, 0xff, 0xff, 0xff, 0xff, 0xff, 0xe7, 0x3b, 0xff, 0x8f, 0xfe, 0x7f, 
0xcf, 0xff, 0xff, 0xff, 0xff, 0xff, 0xff, 0xff, 0xff, 0xff, 0xff, 0xff, 0xff, 0xff, 0xff, 0xff, 
0xff, 0xff, 0x1f, 0xff, 0xff, 0xff, 0xff, 0xff, 0xe7, 0x3f, 0xff, 0xff, 0xc0, 0x00, 0x00, 0x00, 
0x00, 0x00, 0x00, 0x00, 0x00, 0x00, 0x00, 0x00, 0x00, 0x00, 0x00, 0x00, 0x00, 0x00, 0x00, 0x00, 
0x3f, 0xff, 0xff, 0xff, 0xff, 0xff, 0xe7, 0x3f, 0xff, 0xff, 0xc0, 0x00, 0x00, 0x00, 0x00, 0x00, 
0x00, 0x00, 0x00, 0x00, 0x00, 0x00, 0x00, 0x00, 0x00, 0x00, 0x00, 0x00, 0x00, 0x00, 0x7f, 0xff, 
0xff, 0xff, 0xff, 0xff, 0xe7, 0x33, 0xcf, 0xff, 0x9e, 0x7f, 0xcf, 0xff, 0xff, 0xff, 0xff, 0xff, 
0xff, 0xff, 0xff, 0xff, 0xff, 0xff, 0xff, 0xff, 0xff, 0xff, 0xff, 0xff, 0xff, 0xff, 0xff, 0xff, 
0xff, 0xff, 0xef, 0x33, 0x07, 0xff, 0x3c, 0x7f, 0xcf, 0xff, 0xff, 0xff, 0xff, 0xff, 0xff, 0xff, 
0xff, 0xff, 0xff, 0xff, 0xff, 0xff, 0xff, 0xff, 0xff, 0xff, 0xff, 0xff, 0xff, 0xff, 0xff, 0xff, 
0xef, 0x32, 0x00, 0x1f, 0x7c, 0x3f, 0xec, 0x3d, 0xf8, 0x78, 0x70, 0xf0, 0xf8, 0x7c, 0xdf, 0x7c, 
0x3f, 0xe1, 0xc9, 0xc7, 0x87, 0x8f, 0x91, 0xe3, 0xff, 0xff, 0xff, 0xff, 0xff, 0xff, 0xef, 0x33, 
0x07, 0x9f, 0xf8, 0x3f, 0xec, 0xfd, 0xf9, 0xf9, 0xf9, 0xf2, 0x79, 0x3c, 0x5f, 0x7c, 0xff, 0xe7, 
0xcb, 0xcf, 0xcf, 0x9f, 0x91, 0xe7, 0xff, 0xff, 0xff, 0xff, 0xff, 0xff, 0xef, 0x33, 0xcf, 0xdf, 
0xf8, 0x1f, 0xec, 0xfd, 0xf9, 0xf3, 0xfd, 0xf2, 0x73, 0x3c, 0x5f, 0x79, 0xff, 0xe7, 0xe3, 0xcf, 
0xcf, 0x9f, 0x11, 0xe7, 0xff, 0xff, 0xff, 0xff, 0xff, 0xff, 0xef, 0x3f, 0xff, 0xdf, 0xf0, 0x0f, 
0xcc, 0x3d, 0xf8, 0xf3, 0xfd, 0xf0, 0xf3, 0x3c, 0x1f, 0x79, 0xff, 0xe3, 0xe7, 0xc7, 0xcf, 0x8f, 
0x01, 0xe3, 0xff, 0xff, 0xff, 0xff, 0xff, 0x1f, 0xe7, 0x3f, 0xff, 0xdf, 0xe0, 0x0f, 0xcc, 0xfd, 
0xf9, 0xf3, 0xfd, 0xf0, 0xf3, 0x3c, 0x1f, 0x79, 0xff, 0xf1, 0xe7, 0xe3, 0xcf, 0x9f, 0x05, 0xf1, 
0xff, 0xff, 0xff, 0xff, 0xfe, 0x0f, 0xe7, 0x33, 0xff, 0x8f, 0xe0, 0x07, 0xcc, 0xfd, 0xf9, 0xf3, 
0xfd, 0xf0, 0xf3, 0x3c, 0x9f, 0x7c, 0xff, 0xf9, 0xe7, 0xf3, 0xcf, 0xbf, 0x25, 0xf9, 0xff, 0xff, 
0xff, 0xff, 0xfc, 0x67, 0xe6, 0x33, 0xff, 0x07, 0xe0, 0x7f, 0xcc, 0x3c, 0x78, 0xf8, 0x7d, 0xf0, 
0xf8, 0x3c, 0x9f, 0x7c, 0x3f, 0xe1, 0xe7, 0xc3, 0xcf, 0x8f, 0x25, 0xe1, 0xff, 0xff, 0xff, 0xff, 
0xfc, 0xe0, 0x00, 0x30, 0x00, 0x00, 0x00, 0x7f, 0xcc, 0x3c, 0x78, 0xfc, 0x7d, 0xf2, 0x78, 0x7c, 
0x9f, 0x7e, 0x3f, 0xe3, 0xe7, 0xc7, 0xcf, 0x8f, 0x2d, 0xe3, 0xff, 0xff, 0xff, 0xff, 0xfc, 0xe3, 
0xe3, 0xf0, 0x00, 0x00, 0x00, 0xff, 0xcf, 0xff, 0xff, 0xff, 0xff, 0xff, 0xff, 0xff, 0xff, 0xff, 
0xff, 0xff, 0xff, 0xff, 0xff, 0xff, 0xff, 0xff, 0xff, 0xff, 0xff, 0xff, 0xfc, 0x67, 0xf3, 0xf3, 
0xff, 0x07, 0xff, 0xff, 0x9f, 0xff, 0xff, 0xff, 0xff, 0xff, 0xff, 0xff, 0xff, 0xff, 0xff, 0xff, 
0xff, 0xff, 0xff, 0xff, 0xff, 0xff, 0xff, 0xff, 0xff, 0xff, 0xfe, 0x0f, 0xf3, 0xff, 0xff, 0x8f, 
0xff, 0xff, 0x9f, 0xff, 0xff, 0xff, 0xff, 0xff, 0xff, 0xff, 0xff, 0xff, 0xff, 0xff, 0xff, 0xff, 
0xff, 0xff, 0xff, 0xff, 0xff, 0xff, 0xff, 0xff, 0xff, 0x1f, 0xf9, 0xff, 0xff, 0xdf, 0xff, 0xff, 
0x3f, 0xff, 0xff, 0xff, 0xff, 0xff, 0xff, 0xff, 0xff, 0xff, 0xff, 0xff, 0xff, 0xff, 0xff, 0xff, 
0xff, 0xff, 0xff, 0xff, 0xff, 0xff, 0xff, 0xff, 0xf9, 0xff, 0xff, 0xdf, 0xff, 0xff, 0x3f, 0xff, 
0xff, 0xff, 0xff, 0xff, 0xff, 0xff, 0xff, 0xff, 0xff, 0xff, 0xff, 0xff, 0xff, 0xff, 0xff, 0xff, 
0xff, 0xff, 0xff, 0xff, 0xff, 0xff, 0xfc, 0xff, 0xff, 0xdf, 0xff, 0xfe, 0x3f, 0xff, 0xff, 0xff, 
0xff, 0xff, 0xff, 0xff, 0xff, 0xff, 0xff, 0xff, 0xff, 0xff, 0xff, 0xff, 0xff, 0xff, 0xff, 0xff, 
0xff, 0xff, 0xff, 0xff, 0xfc, 0xff, 0xff, 0xdf, 0xff, 0xfe, 0x7f, 0xff, 0xff, 0xff, 0xff, 0xff, 
0xff, 0xff, 0xff, 0xff, 0xff, 0xff, 0xff, 0xff, 0xff, 0xff, 0xff, 0xff, 0xff, 0xff, 0xff, 0xff, 
0xff, 0xff, 0xfe, 0x7f, 0xff, 0xdf, 0xff, 0xfc, 0xff, 0xff, 0xff, 0xff, 0xff, 0xff, 0xff, 0xff, 
0xff, 0xff, 0xff, 0xff, 0xff, 0xff, 0xff, 0xff, 0xff, 0xff, 0xff, 0xff, 0xff, 0xff, 0xff, 0xff, 
0xfe, 0x3f, 0xff, 0xdf, 0xff, 0xf8, 0xff, 0xff, 0xff, 0xff, 0xff, 0xff, 0xff, 0xff, 0xff, 0xff, 
0xff, 0xff, 0xff, 0xff, 0xff, 0xff, 0xff, 0xff, 0xff, 0xff, 0xff, 0xff, 0xff, 0xff, 0xff, 0x1f, 
0xff, 0xdf, 0xff, 0xf1, 0xff, 0xff, 0xff, 0xff, 0xff, 0xff, 0xff, 0xff, 0xff, 0xff, 0xff, 0xff, 
0xff, 0xff, 0xff, 0xff, 0xff, 0xff, 0xff, 0xff, 0xff, 0xff, 0xff, 0xff, 0xff, 0x8f, 0xff, 0xdf, 
0xff, 0xe3, 0xff, 0xff, 0xff, 0xff, 0xff, 0xff, 0xff, 0xff, 0xff, 0xff, 0xff, 0xff, 0xff, 0xff, 
0xff, 0xff, 0xff, 0xff, 0xff, 0xff, 0xff, 0xff, 0xff, 0xff, 0xff, 0xc7, 0xff, 0xdf, 0xff, 0xc7, 
0xff, 0xff, 0xff, 0xff, 0xff, 0xff, 0xff, 0xff, 0xff, 0xff, 0xff, 0xff, 0xff, 0xff, 0xff, 0xff, 
0xff, 0xff, 0xff, 0xff, 0xff, 0xff, 0xff, 0xff, 0xff, 0xe3, 0xff, 0xdf, 0xff, 0x8f, 0xff, 0xff, 
0xff, 0xff, 0xff, 0xff, 0xff, 0xff, 0xff, 0xff, 0xff, 0xff, 0xff, 0xff, 0xff, 0xff, 0xff, 0xff, 
0xff, 0xff, 0xff, 0xff, 0xff, 0xff, 0xff, 0xf0, 0xff, 0xdf, 0xfe, 0x1f, 0xff, 0xff, 0xff, 0xff, 
0xff, 0xff, 0xff, 0xff, 0xff, 0xff, 0xff, 0xff, 0xff, 0xff, 0xff, 0xff, 0xff, 0xff, 0xff, 0xff, 
0xff, 0xff, 0xff, 0xff, 0xff, 0xfc, 0x7f, 0xdf, 0xfc, 0x7f, 0xff, 0xff, 0xff, 0xff, 0xff, 0xff, 
0xff, 0xff, 0xff, 0xff, 0xff, 0xff, 0xff, 0xff, 0xff, 0xff, 0xff, 0xff, 0xff, 0xff, 0xff, 0xff, 
0xff, 0xff, 0xff, 0xff, 0x0f, 0xdf, 0xe0, 0xff, 0xff, 0xff, 0xff, 0xff, 0xff, 0xff, 0xff, 0xff, 
0xff, 0xff, 0xff, 0xff, 0xff, 0xff, 0xff, 0xff, 0xff, 0xff, 0xff, 0xff, 0xff, 0xff, 0xff, 0xff, 
0xff, 0xff, 0x81, 0x9f, 0x03, 0xff, 0xff, 0xff, 0xff, 0xff, 0xff, 0xff, 0xff, 0xff, 0xff, 0xff, 
0xff, 0xff, 0xff, 0xff, 0xff, 0xff, 0xff, 0xff, 0xff, 0xff, 0xff, 0xff, 0xff, 0xff, 0xff, 0xff, 
0xf0, 0x00, 0x1f, 0xff, 0xff, 0xff, 0xff, 0xff, 0xff, 0xff, 0xff, 0xff, 0xff, 0xff, 0xff, 0xff, 
0xff, 0xff, 0xff, 0xff, 0xff, 0xff, 0xff, 0xff, 0xff, 0xff, 0xff, 0xff, 0xff, 0xff, 0xff, 0x83, 
0xff, 0xff, 0xff, 0xff, 0xff, 0xff, 0xff, 0xff, 0xff, 0xff, 0xff, 0xff, 0xff, 0xff, 0xff, 0xff, 
0xff, 0xff, 0xff, 0xff, 0xff, 0xff, 0xff, 0xff, 0xff, 0xff, 0xff, 0xff, 0xff, 0xdf, 0xff, 0xff, 
0xff, 0xff, 0xff, 0xff, 0xff, 0xff, 0xff, 0xff, 0xff, 0xff, 0xff, 0xff, 0xff, 0xff, 0xff, 0xff, 
0xff, 0xff, 0xff, 0xff, 0xff, 0xff, 0xff, 0xff, 0xff, 0xff, 0xff, 0xdf, 0xff, 0xff, 0xff, 0xff, 
0xff, 0xff, 0xff, 0xff, 0xff, 0xff, 0xff, 0xff, 0xff, 0xff, 0xff, 0xff, 0xff, 0xff, 0xff, 0xff, 
0xff, 0xff, 0xff, 0xff, 0xff, 0xff, 0xff, 0xff, 0xff, 0xdf, 0xff, 0xff, 0xff, 0xff, 0xff, 0xff, 
0xff, 0xff, 0xff, 0xff, 0xff, 0xff, 0xff, 0xff, 0xff, 0xff, 0xff, 0xff, 0xff, 0xff, 0xff, 0xff, 
0xff, 0xff, 0xff, 0xff, 0xff, 0xff, 0xff, 0xdf, 0xff, 0xff, 0xff, 0xff, 0xff, 0xff, 0xff, 0xff, 
0xff, 0xff, 0xff, 0xff, 0xff, 0xff, 0xff, 0xff, 0xff, 0xff, 0xff, 0xff, 0xff, 0xff, 0xff, 0xff, 
0xff, 0xff, 0xff, 0xff, 0xff, 0x9f, 0xff, 0xff, 0xff, 0xff, 0xff, 0xff, 0xff, 0xff, 0xff, 0xff, 
0xff, 0xff, 0xff, 0xff, 0xff, 0xff, 0xff, 0xff, 0xff, 0xff, 0xff, 0xff, 0xff, 0xff, 0xff, 0xff, 
0xff, 0xff, 0xff, 0x07, 0xff, 0xff, 0xff, 0xff, 0xff, 0xff, 0xff, 0xff, 0xff, 0xff, 0xff, 0xff, 
0xff, 0xff, 0xff, 0xff, 0xff, 0xff, 0xff, 0xff, 0xff, 0xff, 0xff, 0xff, 0xff, 0xff, 0xff, 0xff, 
0xfe, 0x03, 0xff, 0xff, 0xff, 0xff, 0xff, 0xff, 0xff, 0xff, 0xff, 0xff, 0xff, 0xff, 0xff, 0xff, 
0xff, 0xff, 0xff, 0xff, 0xff, 0xff, 0xff, 0xff, 0xff, 0xff, 0xff, 0xff, 0xff, 0xff, 0xfe, 0x73, 
0xff, 0xff, 0xff, 0xff, 0xff, 0xff, 0xff, 0xff, 0xff, 0xff, 0xff, 0xff, 0xff, 0xff, 0xff, 0xff, 
0xff, 0xff, 0xff, 0xff, 0xff, 0xff, 0xff, 0xff, 0xff, 0xff, 0xff, 0xff, 0xfe, 0x73, 0xff, 0xff, 
0xff, 0xff, 0xff, 0xff, 0xff, 0xff, 0xff, 0xff, 0xff, 0xff, 0xff, 0xff, 0xff, 0xff, 0xff, 0xff, 
0xff, 0xff, 0xff, 0xff, 0xff, 0xff, 0xff, 0xff, 0xff, 0xff, 0xfe, 0x73, 0xff, 0xff, 0xff, 0xff, 
0xff, 0xff, 0xff, 0xff, 0xff, 0xff, 0xff, 0xff, 0xff, 0xff, 0xff, 0xff, 0xff, 0xff, 0xff, 0xff, 
0xff, 0xff, 0xff, 0xff, 0xff, 0xff, 0xff, 0xff, 0xfe, 0x03, 0xff, 0xff, 0xff, 0xff, 0xff, 0xff, 
0xff, 0xff, 0xff, 0xff, 0xff, 0xff, 0xff, 0xff, 0xff, 0xff, 0xff, 0xff, 0xff, 0xff, 0xff, 0xff, 
0xff, 0xff, 0xff, 0xff, 0xff, 0xff, 0xff, 0x07, 0xff, 0xff, 0xff, 0xff, 0xff, 0xff, 0xff, 0xff, 
0xff, 0xff, 0xff, 0xff, 0xff, 0xff, 0xff, 0xff, 0xff, 0xff, 0xff, 0xff, 0xff, 0xff, 0xff, 0xff, 
0xff, 0xff, 0xff, 0xff, 0xff, 0xff, 0xff, 0xff, 0xff, 0xff, 0xff, 0xff, 0xff, 0xff, 0xff, 0xff, 
0xff, 0xff, 0xff, 0xff, 0xff, 0xff, 0xff, 0xff, 0xff, 0xff, 0xff, 0xff, 0xff, 0xff, 0xff, 0xff, 
0xff, 0xff, 0xff, 0xff, 0xff, 0xff, 0xff, 0xff, 0xff, 0xff, 0xff, 0xff, 0xff, 0xff, 0xff, 0xff, 
0xff, 0xff, 0xff, 0xff, 0xff, 0xff, 0xff, 0xff, 0xff, 0xff, 0xff, 0xff, 0xff, 0xff, 0xff, 0xff, 
0xff, 0xff, 0xff, 0xff, 0xff, 0xff, 0xff, 0xff, 0xff, 0xff, 0xff, 0xff, 0xff, 0xff, 0xff, 0xff, 
0xff, 0xff, 0xff, 0xff, 0xff, 0xff, 0xff, 0xff, 0xff, 0xff, 0xff, 0xff, 0xff, 0xff, 0xff, 0xff, 
0xff, 0xff, 0xff, 0xff, 0xff, 0xff, 0xff, 0xff, 0xff, 0xff, 0xff, 0xff, 0xff, 0xff, 0xff, 0xff, 
0xff, 0xff, 0xff, 0xff, 0xff, 0xff, 0xff, 0xff
};

const uint8_t imagen_5[] = {
// 'kicad2', 184x73px
0xff, 0xff, 0xff, 0xff, 0xff, 0xff, 0xff, 0xff, 0xff, 0xff, 0xff, 0xff, 0xff, 0xff, 0xff, 0xff, 
0xff, 0xff, 0xff, 0xff, 0xff, 0xff, 0xff, 0xff, 0xff, 0xff, 0xff, 0xff, 0xff, 0xff, 0xff, 0xff, 
0xff, 0xff, 0xff, 0xff, 0xff, 0xff, 0xff, 0xff, 0xff, 0xff, 0xff, 0xff, 0xff, 0xff, 0xff, 0xff, 
0xff, 0xff, 0xff, 0xff, 0xfc, 0x0f, 0xff, 0xff, 0xff, 0xff, 0xff, 0xff, 0xff, 0xff, 0xff, 0xff, 
0xff, 0xff, 0xff, 0xff, 0xff, 0xff, 0xff, 0xff, 0xff, 0xff, 0xff, 0xf8, 0x03, 0xff, 0xff, 0xff, 
0xff, 0xff, 0xff, 0xff, 0xff, 0xff, 0xff, 0xff, 0xff, 0xff, 0xff, 0xff, 0xff, 0xff, 0xff, 0xff, 
0xff, 0xff, 0xf0, 0x01, 0xff, 0xff, 0xff, 0xff, 0xff, 0xff, 0xff, 0xff, 0xff, 0xff, 0xff, 0xff, 
0xff, 0xff, 0xff, 0xff, 0xff, 0xff, 0xff, 0xff, 0xff, 0xe0, 0x01, 0xff, 0xff, 0xff, 0xff, 0xff, 
0xff, 0xff, 0xff, 0xff, 0xff, 0xff, 0xff, 0xff, 0xff, 0xff, 0xff, 0xff, 0xff, 0xff, 0xff, 0xff, 
0xe0, 0x00, 0xff, 0xff, 0xff, 0xff, 0xff, 0xff, 0xff, 0xff, 0xff, 0xff, 0xff, 0xff, 0xff, 0xff, 
0xff, 0xc0, 0x00, 0x00, 0x00, 0x00, 0x00, 0x20, 0x00, 0x8f, 0xff, 0xff, 0xff, 0xff, 0xff, 0xff, 
0xff, 0xff, 0xff, 0xff, 0xff, 0xff, 0xff, 0xff, 0x80, 0x00, 0x00, 0x00, 0x00, 0x00, 0x20, 0x00, 
0x8f, 0xff, 0xff, 0xff, 0xff, 0xff, 0xff, 0xff, 0xff, 0xff, 0xff, 0xff, 0xff, 0xff, 0xff, 0x80, 
0x00, 0x00, 0x00, 0x00, 0x00, 0x60, 0x00, 0x87, 0xff, 0xff, 0xff, 0xff, 0xff, 0xff, 0xff, 0xff, 
0xff, 0xff, 0xff, 0xff, 0xff, 0xff, 0x8f, 0xff, 0xff, 0xff, 0xff, 0xff, 0xe0, 0x00, 0xc7, 0xff, 
0xff, 0xff, 0xff, 0xff, 0xff, 0xff, 0xff, 0xff, 0xff, 0xff, 0xff, 0xff, 0xff, 0x88, 0x00, 0x00, 
0x00, 0x00, 0x00, 0x20, 0x01, 0xc7, 0xff, 0xff, 0xff, 0xff, 0xff, 0xff, 0xff, 0xff, 0xff, 0xff, 
0xff, 0xff, 0xff, 0xff, 0x88, 0x00, 0x00, 0x00, 0x00, 0x00, 0x10, 0x03, 0x47, 0xff, 0xff, 0xff, 
0xff, 0xff, 0xff, 0xff, 0xff, 0xff, 0xff, 0xff, 0xff, 0xff, 0xff, 0x88, 0x00, 0x00, 0x00, 0x00, 
0x00, 0x08, 0x06, 0x47, 0xff, 0xff, 0xff, 0xff, 0xff, 0xff, 0xff, 0xff, 0xff, 0xff, 0xff, 0xfe, 
0x00, 0x1f, 0x88, 0x00, 0x00, 0x00, 0x00, 0x00, 0x06, 0x0c, 0x47, 0xff, 0xff, 0xff, 0xff, 0xff, 
0xff, 0xff, 0xff, 0xff, 0xff, 0xff, 0xff, 0x00, 0x1f, 0x88, 0x00, 0x00, 0x00, 0x00, 0x00, 0x03, 
0xf8, 0x47, 0xff, 0xff, 0xc0, 0x3f, 0xff, 0xff, 0xff, 0xff, 0xff, 0xff, 0xff, 0xff, 0x00, 0x1f, 
0x8b, 0xff, 0xf0, 0x01, 0xff, 0xfe, 0x00, 0x00, 0x47, 0xff, 0xfe, 0x00, 0x03, 0xff, 0xff, 0xff, 
0xff, 0xff, 0xff, 0xff, 0xff, 0x00, 0x1f, 0x89, 0xff, 0xf0, 0x01, 0xff, 0xf8, 0x00, 0x00, 0x47, 
0xff, 0xf0, 0x00, 0x00, 0xff, 0xff, 0xff, 0xff, 0xff, 0xff, 0xff, 0xff, 0x00, 0x1f, 0x89, 0xff, 
0xe0, 0x01, 0xff, 0xf0, 0x00, 0x00, 0x47, 0xff, 0xe0, 0x00, 0x00, 0x3f, 0xff, 0xff, 0xff, 0xff, 
0xff, 0xff, 0xff, 0x00, 0x1f, 0x89, 0xff, 0xe0, 0x03, 0xff, 0xe0, 0x00, 0x00, 0x47, 0xff, 0x80, 
0x00, 0x00, 0x0f, 0xff, 0xff, 0xff, 0xff, 0xff, 0xff, 0xff, 0x00, 0x1f, 0x89, 0xff, 0xe0, 0x03, 
0xff, 0xe0, 0x00, 0x00, 0x47, 0xff, 0x00, 0x00, 0x00, 0x0f, 0xff, 0xff, 0xff, 0xff, 0xff, 0xff, 
0xff, 0x00, 0x1f, 0x89, 0xff, 0xe0, 0x07, 0xff, 0xc0, 0x00, 0x00, 0x47, 0xfe, 0x00, 0x00, 0x00, 
0x1f, 0xff, 0xff, 0xff, 0xff, 0xff, 0xff, 0xff, 0x00, 0x1f, 0x89, 0xff, 0xe0, 0x0f, 0xff, 0x80, 
0x00, 0x00, 0x47, 0xfc, 0x00, 0x00, 0x00, 0x3f, 0xff, 0xff, 0xff, 0xff, 0xff, 0xff, 0xff, 0x00, 
0x1f, 0x89, 0xff, 0xe0, 0x1f, 0xff, 0x00, 0x00, 0x00, 0x47, 0xf8, 0x00, 0x00, 0x00, 0x3f, 0xff, 
0xff, 0xff, 0xff, 0xff, 0xff, 0xff, 0x00, 0x1f, 0x89, 0xff, 0xe0, 0x1f, 0xfe, 0x00, 0x00, 0x00, 
0x47, 0xf8, 0x00, 0x07, 0x80, 0x7f, 0xff, 0xff, 0xff, 0xff, 0xff, 0xff, 0xff, 0x00, 0x1f, 0x89, 
0xff, 0xe0, 0x3f, 0xfe, 0x00, 0x00, 0x00, 0x47, 0xf0, 0x00, 0x3f, 0xf0, 0xff, 0xff, 0xff, 0xff, 
0xff, 0xff, 0xff, 0xff, 0x00, 0x1f, 0x89, 0xff, 0xe0, 0x7f, 0xfc, 0x00, 0x00, 0x00, 0x47, 0xe0, 
0x00, 0x7f, 0xf8, 0xff, 0xff, 0xff, 0xff, 0xff, 0xff, 0xff, 0xff, 0x00, 0x1f, 0x89, 0xff, 0xe0, 
0xff, 0xf8, 0x00, 0x00, 0x00, 0x47, 0xe0, 0x00, 0xff, 0xff, 0xff, 0xff, 0xff, 0xff, 0xff, 0xff, 
0xff, 0xff, 0x00, 0x1f, 0x89, 0xff, 0xe1, 0xff, 0xf0, 0x00, 0x00, 0x00, 0x47, 0xc0, 0x01, 0xff, 
0xff, 0xff, 0xff, 0xc0, 0x1f, 0xff, 0xff, 0xf8, 0x1f, 0x00, 0x1f, 0x89, 0xff, 0xe1, 0xff, 0xe0, 
0x00, 0x1f, 0xfe, 0x47, 0xc0, 0x01, 0xff, 0xff, 0xff, 0xfc, 0x00, 0x01, 0xff, 0xff, 0xc0, 0x03, 
0x00, 0x1f, 0x89, 0xff, 0xe3, 0xff, 0xe0, 0x00, 0x1f, 0xfe, 0x47, 0xc0, 0x03, 0xff, 0xff, 0xff, 
0xc0, 0x00, 0x00, 0xff, 0xff, 0x00, 0x01, 0x00, 0x1f, 0x89, 0xff, 0xe7, 0xff, 0xc0, 0x00, 0x1f, 
0xfe, 0x47, 0x80, 0x03, 0xff, 0xff, 0xff, 0xc0, 0x00, 0x00, 0x3f, 0xfe, 0x00, 0x00, 0x00, 0x1f, 
0x89, 0xff, 0xef, 0xff, 0x80, 0x00, 0x0f, 0xfe, 0x47, 0x80, 0x07, 0xff, 0xff, 0xff, 0xc0, 0x00, 
0x00, 0x1f, 0xfc, 0x00, 0x00, 0x00, 0x1f, 0x89, 0xff, 0xff, 0xff, 0x00, 0x00, 0x0f, 0xfe, 0x47, 
0x80, 0x07, 0xff, 0xff, 0xff, 0xc0, 0x00, 0x00, 0x1f, 0xf8, 0x00, 0x00, 0x00, 0x1f, 0x89, 0xff, 
0xff, 0xfe, 0x00, 0x00, 0x0f, 0xfe, 0x47, 0x80, 0x07, 0xff, 0xff, 0xff, 0xe0, 0x00, 0x00, 0x0f, 
0xf8, 0x00, 0x00, 0x00, 0x1f, 0x89, 0xff, 0xff, 0xfe, 0x00, 0x00, 0x0f, 0xfe, 0x47, 0x00, 0x07, 
0xff, 0xff, 0xff, 0xe0, 0x00, 0x00, 0x0f, 0xf0, 0x00, 0x00, 0x00, 0x1f, 0x89, 0xff, 0xff, 0xfc, 
0x00, 0x00, 0x0f, 0xfe, 0x47, 0x00, 0x0f, 0xff, 0xff, 0xff, 0xf0, 0x7f, 0x00, 0x0f, 0xe0, 0x00, 
0x00, 0x00, 0x1f, 0x89, 0xff, 0xff, 0xf8, 0x00, 0x00, 0x0f, 0xfe, 0x47, 0x00, 0x0f, 0xff, 0xff, 
0xff, 0xf3, 0xff, 0x80, 0x07, 0xe0, 0x00, 0xfe, 0x00, 0x1f, 0x89, 0xff, 0xff, 0xf0, 0x00, 0x00, 
0x0f, 0xfe, 0x47, 0x00, 0x0f, 0xff, 0xff, 0xff, 0xff, 0xff, 0xc0, 0x07, 0xe0, 0x01, 0xff, 0x00, 
0x1f, 0x89, 0xff, 0xff, 0xf0, 0x00, 0x00, 0x0f, 0xfe, 0x47, 0x00, 0x0f, 0xff, 0xff, 0xff, 0xff, 
0xff, 0xc0, 0x07, 0xe0, 0x01, 0xff, 0x00, 0x1f, 0x89, 0xff, 0xff, 0xf8, 0x00, 0x00, 0x0f, 0xfe, 
0x47, 0x00, 0x0f, 0xff, 0xff, 0xff, 0xff, 0xff, 0xc0, 0x07, 0xc0, 0x03, 0xff, 0x00, 0x1f, 0x89, 
0xff, 0xff, 0xfc, 0x00, 0x00, 0x0f, 0xfe, 0x47, 0x00, 0x0f, 0xff, 0xff, 0xff, 0xff, 0xf0, 0x80, 
0x07, 0xc0, 0x03, 0xff, 0x00, 0x1f, 0x89, 0xff, 0xff, 0xfc, 0x00, 0x00, 0x0f, 0xfe, 0x47, 0x00, 
0x0f, 0xff, 0xff, 0xff, 0xfc, 0x00, 0x00, 0x07, 0xc0, 0x03, 0xff, 0x00, 0x1f, 0x89, 0xff, 0xff, 
0xfe, 0x00, 0x00, 0x0f, 0xfe, 0x47, 0x00, 0x0f, 0xff, 0xff, 0xff, 0xf0, 0x00, 0x00, 0x07, 0xc0, 
0x03, 0xff, 0x00, 0x1f, 0x89, 0xff, 0xff, 0xff, 0x00, 0x00, 0x0f, 0xfe, 0x47, 0x00, 0x0f, 0xff, 
0xff, 0xff, 0xc0, 0x00, 0x00, 0x07, 0xc0, 0x07, 0xff, 0x00, 0x1f, 0x89, 0xff, 0xff, 0xff, 0x80, 
0x00, 0x0f, 0xfe, 0x47, 0x00, 0x07, 0xff, 0xff, 0xff, 0x00, 0x00, 0x00, 0x07, 0xc0, 0x07, 0xff, 
0x00, 0x1f, 0x89, 0xff, 0xef, 0xff, 0x80, 0x00, 0x0f, 0xfe, 0x47, 0x80, 0x07, 0xff, 0xff, 0xfe, 
0x00, 0x00, 0x00, 0x07, 0xc0, 0x07, 0xff, 0x00, 0x1f, 0x89, 0xff, 0xef, 0xff, 0xc0, 0x00, 0x0f, 
0xfe, 0x47, 0x80, 0x07, 0xff, 0xff, 0xfe, 0x00, 0x00, 0x00, 0x07, 0xc0, 0x07, 0xff, 0x00, 0x1f, 
0x89, 0xff, 0xe7, 0xff, 0xe0, 0x00, 0x0f, 0xfe, 0x47, 0x80, 0x07, 0xff, 0xff, 0xfc, 0x00, 0x00, 
0x00, 0x07, 0xc0, 0x07, 0xff, 0x00, 0x1f, 0x89, 0xff, 0xe3, 0xff, 0xe0, 0x00, 0x0f, 0xfe, 0x47, 
0x80, 0x03, 0xff, 0xff, 0xfc, 0x00, 0x1f, 0xc0, 0x07, 0xc0, 0x07, 0xff, 0x00, 0x1f, 0x89, 0xff, 
0xe1, 0xff, 0xf0, 0x00, 0x0f, 0xfe, 0x47, 0xc0, 0x03, 0xff, 0xff, 0xfc, 0x00, 0x7f, 0xc0, 0x07, 
0xc0, 0x07, 0xff, 0x00, 0x1f, 0x89, 0xff, 0xe1, 0xff, 0xf8, 0x00, 0x0f, 0xfe, 0x47, 0xc0, 0x01, 
0xff, 0xff, 0xf8, 0x00, 0xff, 0xc0, 0x07, 0xc0, 0x03, 0xff, 0x00, 0x1f, 0x89, 0xff, 0xe0, 0xff, 
0xfc, 0x00, 0x0f, 0xfe, 0x47, 0xc0, 0x01, 0xff, 0xff, 0xf8, 0x00, 0xff, 0xc0, 0x07, 0xc0, 0x03, 
0xff, 0x00, 0x1f, 0x89, 0xff, 0xe0, 0x7f, 0xfc, 0x00, 0x0f, 0xfe, 0x47, 0xe0, 0x00, 0xff, 0xfc, 
0x78, 0x00, 0xff, 0xc0, 0x07, 0xc0, 0x03, 0xff, 0x00, 0x1f, 0x89, 0xff, 0xe0, 0x3f, 0xfe, 0x00, 
0x0f, 0xfe, 0x47, 0xe0, 0x00, 0x7f, 0xf8, 0x78, 0x00, 0xff, 0xc0, 0x07, 0xc0, 0x01, 0xff, 0x00, 
0x1f, 0x89, 0xff, 0xe0, 0x3f, 0xff, 0x00, 0x0f, 0xfe, 0x47, 0xf0, 0x00, 0x1f, 0xe0, 0x38, 0x00, 
0xff, 0x80, 0x07, 0xe0, 0x01, 0xfe, 0x00, 0x1f, 0x89, 0xff, 0xe0, 0x1f, 0xff, 0x80, 0x0f, 0xfe, 
0x47, 0xf8, 0x00, 0x00, 0x00, 0x38, 0x00, 0x7f, 0x00, 0x07, 0xe0, 0x00, 0x78, 0x00, 0x1f, 0x89, 
0xff, 0xe0, 0x0f, 0xff, 0x80, 0x0f, 0xfe, 0x47, 0xf8, 0x00, 0x00, 0x00, 0x1c, 0x00, 0x08, 0x00, 
0x07, 0xe0, 0x00, 0x00, 0x00, 0x1f, 0x89, 0xff, 0xe0, 0x0f, 0xff, 0xc0, 0x0f, 0xfe, 0x47, 0xfc, 
0x00, 0x00, 0x00, 0x0c, 0x00, 0x00, 0x00, 0x07, 0xf0, 0x00, 0x00, 0x00, 0x1f, 0x89, 0xff, 0xe0, 
0x07, 0xff, 0xe0, 0x0f, 0xfe, 0x47, 0xfe, 0x00, 0x00, 0x00, 0x0e, 0x00, 0x00, 0x00, 0x07, 0xf0, 
0x00, 0x00, 0x00, 0x1f, 0x89, 0xff, 0xe0, 0x03, 0xff, 0xf0, 0x0f, 0xfe, 0x47, 0xff, 0x00, 0x00, 
0x00, 0x06, 0x00, 0x00, 0x00, 0x07, 0xf8, 0x00, 0x00, 0x00, 0x1f, 0x89, 0xff, 0xe0, 0x03, 0xff, 
0xf0, 0x0f, 0xfe, 0x47, 0xff, 0x80, 0x00, 0x00, 0x0f, 0x00, 0x00, 0x00, 0x07, 0xfc, 0x00, 0x00, 
0x00, 0x0f, 0x89, 0xff, 0xe0, 0x01, 0xff, 0xf8, 0x1f, 0xfe, 0x47, 0xff, 0xe0, 0x00, 0x00, 0x3f, 
0x80, 0x00, 0x00, 0x07, 0xfe, 0x00, 0x00, 0x00, 0x0f, 0x8b, 0xff, 0xf0, 0x01, 0xff, 0xfc, 0x1f, 
0xff, 0x47, 0xff, 0xf0, 0x00, 0x00, 0xff, 0xc0, 0x00, 0x60, 0x03, 0xff, 0x00, 0x01, 0x80, 0x0f, 
0x8b, 0xff, 0xf0, 0x01, 0xff, 0xfe, 0x1f, 0xff, 0x47, 0xff, 0xfe, 0x00, 0x03, 0xff, 0xf0, 0x01, 
0xe0, 0x03, 0xff, 0xc0, 0x07, 0x80, 0x0f, 0x88, 0x00, 0x00, 0x00, 0x00, 0x00, 0x00, 0x00, 0x47, 
0xff, 0xff, 0xf0, 0xff, 0xff, 0xff, 0xff, 0xff, 0xff, 0xff, 0xff, 0xff, 0xff, 0xff, 0x88, 0x00, 
0x00, 0x00, 0x00, 0x00, 0x00, 0x00, 0x47, 0xff, 0xff, 0xff, 0xff, 0xff, 0xff, 0xff, 0xff, 0xff, 
0xff, 0xff, 0xff, 0xff, 0xff, 0x88, 0x00, 0x00, 0x00, 0x00, 0x00, 0x00, 0x00, 0x47, 0xff, 0xff, 
0xff, 0xff, 0xff, 0xff, 0xff, 0xff, 0xff, 0xff, 0xff, 0xff, 0xff, 0xff, 0x8f, 0xff, 0xff, 0xff, 
0xff, 0xff, 0xff, 0xff, 0xc7, 0xff, 0xff, 0xff, 0xff, 0xff, 0xff, 0xff, 0xff, 0xff, 0xff, 0xff, 
0xff, 0xff, 0xff, 0x85, 0xff, 0xf7, 0xfb, 0xff, 0xef, 0xdf, 0xff, 0x07, 0xff, 0xff, 0xff, 0xff, 
0xff, 0xff, 0xff, 0xff, 0xff, 0xff, 0xff, 0xff, 0xff, 0xff, 0x80, 0x00, 0x00, 0x00, 0x00, 0x00, 
0x00, 0x00, 0x07, 0xff, 0xff, 0xff, 0xff, 0xff, 0xff, 0xff, 0xff, 0xff, 0xff, 0xff, 0xff, 0xff, 
0xff, 0xc0, 0x00, 0x00, 0x00, 0x00, 0x00, 0x00, 0x00, 0x0f, 0xff, 0xff, 0xff, 0xff, 0xff, 0xff, 
0xff, 0xff, 0xff, 0xff, 0xff, 0xff, 0xff, 0xff, 0xff, 0xff, 0xff, 0xff, 0xff, 0xff, 0xff, 0xff, 
0xff, 0xff, 0xff, 0xff, 0xff, 0xff, 0xff, 0xff, 0xff, 0xff, 0xff, 0xff, 0xff, 0xff, 0xff
};

const uint8_t imagen_6[] = {
// 'ESP', 144x127px
0x00, 0x00, 0x00, 0x00, 0x00, 0x00, 0x00, 0x00, 0x00, 0x00, 0x00, 0x00, 0x00, 0x00, 0x00, 0x00, 
0x00, 0x00, 0x00, 0x00, 0x00, 0x00, 0x00, 0x00, 0x00, 0x00, 0x00, 0x00, 0x00, 0x00, 0x00, 0x00, 
0x00, 0x00, 0x00, 0x00, 0x00, 0x00, 0x00, 0x00, 0x00, 0x00, 0x00, 0x00, 0x00, 0x00, 0x00, 0x00, 
0x00, 0x00, 0x00, 0x00, 0x00, 0x00, 0x00, 0x00, 0x00, 0x00, 0x00, 0x00, 0x00, 0x00, 0x00, 0x00, 
0x00, 0x00, 0x00, 0x00, 0x00, 0x00, 0x00, 0x00, 0x00, 0x00, 0x00, 0x00, 0x00, 0x00, 0x00, 0x00, 
0x00, 0x00, 0x00, 0x00, 0x00, 0x00, 0x00, 0x00, 0x00, 0x00, 0x00, 0xff, 0xff, 0xff, 0xff, 0xff, 
0xff, 0xff, 0xff, 0xff, 0xff, 0xff, 0xff, 0xff, 0xff, 0xff, 0xfe, 0x00, 0x00, 0xff, 0xff, 0xff, 
0xff, 0xff, 0xff, 0xff, 0xff, 0xff, 0xff, 0xff, 0xff, 0xff, 0xff, 0xff, 0xfe, 0x00, 0x00, 0xff, 
0xff, 0xff, 0xff, 0xff, 0xff, 0xff, 0xff, 0xff, 0xff, 0xff, 0xff, 0xff, 0xff, 0xff, 0xfe, 0x00, 
0x00, 0xff, 0xff, 0xff, 0xff, 0xff, 0xff, 0xff, 0xf8, 0x07, 0xff, 0xff, 0xff, 0xff, 0xff, 0xff, 
0xfe, 0x00, 0x00, 0xff, 0xff, 0xff, 0xff, 0xff, 0xff, 0xff, 0xf0, 0x00, 0x3f, 0xff, 0xff, 0xff, 
0xff, 0xff, 0xfe, 0x00, 0x00, 0xff, 0xff, 0xff, 0xff, 0xff, 0xff, 0xff, 0xf0, 0x00, 0x07, 0xff, 
0xff, 0xff, 0xff, 0xff, 0xfe, 0x00, 0x00, 0xff, 0xff, 0xff, 0xff, 0xff, 0xff, 0xff, 0xf8, 0x00, 
0x01, 0xff, 0xff, 0xff, 0xff, 0xff, 0xfe, 0x00, 0x00, 0xff, 0xff, 0xff, 0xff, 0xff, 0xfe, 0x3f, 
0xff, 0x00, 0x00, 0x7f, 0xff, 0xff, 0xff, 0xff, 0xfe, 0x00, 0x00, 0xff, 0xff, 0xff, 0xff, 0xff, 
0xf8, 0x01, 0xff, 0xc0, 0x00, 0x1f, 0xff, 0xff, 0xff, 0xff, 0xfe, 0x00, 0x00, 0xff, 0xff, 0xff, 
0xff, 0xcf, 0xf0, 0x00, 0x3f, 0xf0, 0x00, 0x0f, 0xff, 0xff, 0xff, 0xff, 0xfe, 0x00, 0x00, 0xff, 
0xff, 0xff, 0xff, 0x87, 0xe0, 0x00, 0x07, 0xfc, 0x00, 0x03, 0xff, 0xff, 0xff, 0xff, 0xfe, 0x00, 
0x00, 0xff, 0xff, 0xff, 0xff, 0x07, 0x80, 0x00, 0x01, 0xfe, 0x00, 0x01, 0xff, 0xff, 0xff, 0xff, 
0xfe, 0x00, 0x00, 0xff, 0xff, 0xff, 0xfe, 0x0f, 0x00, 0x00, 0x00, 0x7f, 0x80, 0x00, 0xff, 0xff, 
0xff, 0xff, 0xfe, 0x00, 0x00, 0xff, 0xff, 0xff, 0xfe, 0x1f, 0x00, 0x00, 0x00, 0x1f, 0xc0, 0x00, 
0x7f, 0xff, 0xff, 0xff, 0xfe, 0x00, 0x00, 0xff, 0xff, 0xff, 0xfc, 0x3f, 0x00, 0x00, 0x00, 0x07, 
0xf0, 0x00, 0x3f, 0xff, 0xff, 0xff, 0xfe, 0x00, 0x00, 0xff, 0xff, 0xff, 0xf8, 0x7f, 0x00, 0x00, 
0x00, 0x03, 0xf8, 0x00, 0x1f, 0xff, 0xff, 0xff, 0xfe, 0x00, 0x00, 0xff, 0xff, 0xff, 0xf8, 0x7f, 
0x00, 0x00, 0x00, 0x00, 0xfc, 0x00, 0x0f, 0xff, 0xff, 0xff, 0xfe, 0x00, 0x00, 0xff, 0xff, 0xff, 
0xf0, 0xff, 0x00, 0x00, 0x00, 0x00, 0x7f, 0x00, 0x07, 0xff, 0xff, 0xff, 0xfe, 0x00, 0x00, 0xff, 
0xff, 0xff, 0xf0, 0xff, 0xc0, 0x00, 0x00, 0x00, 0x3f, 0x80, 0x07, 0xff, 0xff, 0xff, 0xfe, 0x00, 
0x00, 0xff, 0xff, 0xff, 0xe1, 0xff, 0xff, 0x80, 0x00, 0x00, 0x0f, 0xc0, 0x03, 0xff, 0xff, 0xff, 
0xfe, 0x00, 0x00, 0xff, 0xff, 0xff, 0xe3, 0xff, 0xff, 0xf8, 0x00, 0x00, 0x07, 0xe0, 0x03, 0xff, 
0xff, 0xff, 0xfe, 0x00, 0x00, 0xff, 0xff, 0xff, 0xc3, 0xff, 0xff, 0xff, 0x00, 0x00, 0x03, 0xf0, 
0x01, 0xff, 0xff, 0xff, 0xfe, 0x00, 0x00, 0xff, 0xff, 0xff, 0xc7, 0xff, 0xff, 0xff, 0xc0, 0x00, 
0x01, 0xf8, 0x00, 0xff, 0xff, 0xff, 0xfe, 0x00, 0x00, 0xff, 0xff, 0xff, 0x87, 0xfc, 0x00, 0x7f, 
0xf0, 0x00, 0x00, 0xfc, 0x00, 0xff, 0xff, 0xff, 0xfe, 0x00, 0x00, 0xff, 0xff, 0xff, 0x8f, 0xf0, 
0x00, 0x07, 0xfc, 0x00, 0x00, 0x7c, 0x00, 0x7f, 0xff, 0xff, 0xfe, 0x00, 0x00, 0xff, 0xff, 0xff, 
0x8f, 0xc0, 0x00, 0x01, 0xff, 0x00, 0x00, 0x3e, 0x00, 0x7f, 0xff, 0xff, 0xfe, 0x00, 0x00, 0xff, 
0xff, 0xff, 0x0f, 0x80, 0x00, 0x00, 0x7f, 0x80, 0x00, 0x1f, 0x00, 0x7f, 0xff, 0xff, 0xfe, 0x00, 
0x00, 0xff, 0xff, 0xff, 0x1f, 0x00, 0x00, 0x00, 0x1f, 0xe0, 0x00, 0x1f, 0x80, 0x3f, 0xff, 0xff, 
0xfe, 0x00, 0x00, 0xff, 0xff, 0xff, 0x1e, 0x00, 0x00, 0x00, 0x07, 0xf0, 0x00, 0x0f, 0x80, 0x3f, 
0xff, 0xff, 0xfe, 0x00, 0x00, 0xff, 0xff, 0xfe, 0x1e, 0x00, 0x00, 0x00, 0x01, 0xf8, 0x00, 0x07, 
0xc0, 0x3f, 0xff, 0xff, 0xfe, 0x00, 0x00, 0xff, 0xff, 0xfe, 0x1c, 0x00, 0x00, 0x00, 0x00, 0xfc, 
0x00, 0x03, 0xe0, 0x3f, 0xff, 0xff, 0xfe, 0x00, 0x00, 0xff, 0xff, 0xfe, 0x1c, 0x00, 0x00, 0x00, 
0x00, 0x7e, 0x00, 0x03, 0xe0, 0x1f, 0xff, 0xff, 0xfe, 0x00, 0x00, 0xff, 0xff, 0xfe, 0x38, 0x00, 
0x00, 0x00, 0x00, 0x3f, 0x00, 0x01, 0xf0, 0x1f, 0xff, 0xff, 0xfe, 0x00, 0x00, 0xff, 0xff, 0xfe, 
0x38, 0x00, 0x00, 0x00, 0x00, 0x0f, 0x80, 0x00, 0xf0, 0x1f, 0xff, 0xff, 0xfe, 0x00, 0x00, 0xff, 
0xff, 0xfe, 0x38, 0x00, 0x30, 0x00, 0x00, 0x07, 0xc0, 0x00, 0xf8, 0x1f, 0xff, 0xff, 0xfe, 0x00, 
0x00, 0xff, 0xff, 0xfe, 0x38, 0x00, 0x7f, 0x00, 0x00, 0x03, 0xe0, 0x00, 0x78, 0x1f, 0xff, 0xff, 
0xfe, 0x00, 0x00, 0xff, 0xff, 0xfe, 0x38, 0x00, 0xff, 0xe0, 0x00, 0x03, 0xf0, 0x00, 0x7c, 0x1f, 
0xff, 0xff, 0xfe, 0x00, 0x00, 0xff, 0xff, 0xfe, 0x38, 0x00, 0x7f, 0xf8, 0x00, 0x01, 0xf0, 0x00, 
0x3c, 0x1f, 0xff, 0xff, 0xfe, 0x00, 0x00, 0xff, 0xff, 0xfe, 0x38, 0x00, 0x1f, 0xfe, 0x00, 0x00, 
0xf8, 0x00, 0x3e, 0x0f, 0xff, 0xff, 0xfe, 0x00, 0x00, 0xff, 0xff, 0xfe, 0x38, 0x00, 0x01, 0xff, 
0x00, 0x00, 0x7c, 0x00, 0x1e, 0x0f, 0xff, 0xff, 0xfe, 0x00, 0x00, 0xff, 0xff, 0xfe, 0x38, 0x00, 
0x00, 0x3f, 0xc0, 0x00, 0x7c, 0x00, 0x1f, 0x1f, 0xff, 0xff, 0xfe, 0x00, 0x00, 0xff, 0xff, 0xfe, 
0x3c, 0x00, 0x00, 0x0f, 0xe0, 0x00, 0x3e, 0x00, 0x0f, 0x1f, 0xff, 0xff, 0xfe, 0x00, 0x00, 0xff, 
0xff, 0xfe, 0x3c, 0x00, 0x00, 0x07, 0xf0, 0x00, 0x1e, 0x00, 0x0f, 0xbf, 0xff, 0xff, 0xfe, 0x00, 
0x00, 0xff, 0xff, 0xfe, 0x3e, 0x00, 0x00, 0x01, 0xf8, 0x00, 0x1f, 0x00, 0x0f, 0xff, 0xff, 0xff, 
0xfe, 0x00, 0x00, 0xff, 0xff, 0xfe, 0x3f, 0x00, 0x00, 0x00, 0xfc, 0x00, 0x0f, 0x00, 0x07, 0xff, 
0xff, 0xff, 0xfe, 0x00, 0x00, 0xff, 0xff, 0xfe, 0x1f, 0x00, 0x00, 0x00, 0x7e, 0x00, 0x0f, 0x80, 
0x07, 0xff, 0xff, 0xff, 0xfe, 0x00, 0x00, 0xff, 0xff, 0xfe, 0x1f, 0x80, 0x00, 0x00, 0x3e, 0x00, 
0x07, 0x80, 0x07, 0xff, 0xff, 0xff, 0xfe, 0x00, 0x00, 0xff, 0xff, 0xfe, 0x1f, 0xc0, 0x00, 0x00, 
0x1f, 0x00, 0x07, 0x80, 0x03, 0xff, 0xff, 0xff, 0xfe, 0x00, 0x00, 0xff, 0xff, 0xff, 0x1f, 0xf0, 
0x00, 0x00, 0x0f, 0x80, 0x03, 0xc0, 0x03, 0xff, 0xff, 0xff, 0xfe, 0x00, 0x00, 0xff, 0xff, 0xff, 
0x0f, 0xfc, 0x00, 0x00, 0x0f, 0x80, 0x03, 0xc0, 0x03, 0xff, 0xff, 0xff, 0xfe, 0x00, 0x00, 0xff, 
0xff, 0xff, 0x0f, 0xff, 0xe0, 0x00, 0x07, 0xc0, 0x03, 0xc0, 0x01, 0xff, 0xff, 0xff, 0xfe, 0x00, 
0x00, 0xff, 0xff, 0xff, 0x8f, 0xff, 0xfc, 0x00, 0x03, 0xc0, 0x01, 0xe0, 0x01, 0xff, 0xff, 0xff, 
0xfe, 0x00, 0x00, 0xff, 0xff, 0xff, 0x87, 0xff, 0xfe, 0x00, 0x03, 0xc0, 0x01, 0xe0, 0x01, 0xff, 
0xff, 0xff, 0xfe, 0x00, 0x00, 0xff, 0xff, 0xff, 0x87, 0xff, 0xff, 0x00, 0x01, 0xe0, 0x01, 0xe0, 
0x01, 0xff, 0xff, 0xff, 0xfe, 0x00, 0x00, 0xff, 0xff, 0xff, 0xc7, 0xff, 0xff, 0x80, 0x01, 0xe0, 
0x01, 0xe0, 0x01, 0xff, 0xff, 0xff, 0xfe, 0x00, 0x00, 0xff, 0xff, 0xff, 0xc3, 0xff, 0x07, 0xc0, 
0x01, 0xe0, 0x00, 0xf0, 0x01, 0xff, 0xff, 0xff, 0xfe, 0x00, 0x00, 0xff, 0xff, 0xff, 0xe3, 0xfe, 
0x03, 0xe0, 0x00, 0xf0, 0x00, 0xf0, 0x01, 0xff, 0xff, 0xff, 0xfe, 0x00, 0x00, 0xff, 0xff, 0xff, 
0xe1, 0xfc, 0x01, 0xe0, 0x00, 0xf0, 0x00, 0xf0, 0x03, 0xff, 0xff, 0xff, 0xfe, 0x00, 0x00, 0xff, 
0xff, 0xff, 0xf0, 0xf8, 0x00, 0xf0, 0x00, 0xf0, 0x00, 0xf0, 0x07, 0xff, 0xff, 0xff, 0xfe, 0x00, 
0x00, 0xff, 0xff, 0xff, 0xf0, 0xf8, 0x00, 0xf0, 0x00, 0xf0, 0x00, 0xf0, 0x07, 0xff, 0xff, 0xff, 
0xfe, 0x00, 0x00, 0xff, 0xff, 0xff, 0xf8, 0x78, 0x00, 0xf0, 0x00, 0xf0, 0x00, 0xf0, 0x0f, 0xff, 
0xff, 0xff, 0xfe, 0x00, 0x00, 0xff, 0xff, 0xff, 0xf8, 0x38, 0x00, 0xf0, 0x00, 0xf0, 0x00, 0xf0, 
0x1f, 0xff, 0xff, 0xff, 0xfe, 0x00, 0x00, 0xff, 0xff, 0xff, 0xfc, 0x38, 0x00, 0xf8, 0x00, 0xf0, 
0x00, 0xf0, 0x3f, 0xff, 0xff, 0xff, 0xfe, 0x00, 0x00, 0xff, 0xff, 0xff, 0xfe, 0x1c, 0x01, 0xf8, 
0x00, 0xf0, 0x00, 0xff, 0xff, 0xff, 0xff, 0xff, 0xfe, 0x00, 0x00, 0xff, 0xff, 0xff, 0xff, 0x0e, 
0x01, 0xf0, 0x00, 0xf0, 0x00, 0xff, 0xff, 0xff, 0xff, 0xff, 0xfe, 0x00, 0x00, 0xff, 0xff, 0xff, 
0xff, 0x07, 0x07, 0xf0, 0x00, 0xf0, 0x00, 0xff, 0xff, 0xff, 0xff, 0xff, 0xfe, 0x00, 0x00, 0xff, 
0xff, 0xff, 0xff, 0x83, 0xff, 0xf0, 0x00, 0xf0, 0x00, 0xff, 0xe7, 0xff, 0xff, 0xff, 0xfe, 0x00, 
0x00, 0xff, 0xff, 0xff, 0xff, 0xc1, 0xff, 0xf0, 0x00, 0xf0, 0x00, 0xff, 0xc3, 0xff, 0xff, 0xff, 
0xfe, 0x00, 0x00, 0xff, 0xff, 0xff, 0xff, 0xe0, 0x7f, 0xe0, 0x00, 0xf0, 0x00, 0xff, 0x83, 0xff, 
0xff, 0xff, 0xfe, 0x00, 0x00, 0xff, 0xff, 0xff, 0xff, 0xf0, 0x3f, 0xe0, 0x01, 0xf0, 0x00, 0xfe, 
0x07, 0xff, 0xff, 0xff, 0xfe, 0x00, 0x00, 0xff, 0xff, 0xff, 0xff, 0xfc, 0x1f, 0xf0, 0x01, 0xf0, 
0x01, 0xfc, 0x0f, 0xff, 0xff, 0xff, 0xfe, 0x00, 0x00, 0xff, 0xff, 0xff, 0xff, 0xfe, 0x07, 0xf8, 
0x01, 0xfc, 0x07, 0xf0, 0x3f, 0xff, 0xff, 0xff, 0xfe, 0x00, 0x00, 0xff, 0xff, 0xff, 0xff, 0xff, 
0x01, 0xfe, 0x03, 0xff, 0xff, 0xc0, 0x7f, 0xff, 0xff, 0xff, 0xfe, 0x00, 0x00, 0xff, 0xff, 0xff, 
0xff, 0xff, 0xc0, 0x7f, 0xe3, 0xff, 0xff, 0x80, 0xff, 0xff, 0xff, 0xff, 0xfe, 0x00, 0x00, 0xff, 
0xff, 0xff, 0xff, 0xff, 0xe0, 0x1f, 0xff, 0xff, 0xfc, 0x03, 0xff, 0xff, 0xff, 0xff, 0xfe, 0x00, 
0x00, 0xff, 0xff, 0xff, 0xff, 0xff, 0xf8, 0x03, 0xff, 0xff, 0xe0, 0x0f, 0xff, 0xff, 0xff, 0xff, 
0xfe, 0x00, 0x00, 0xff, 0xff, 0xff, 0xff, 0xff, 0xfe, 0x00, 0x1f, 0xfc, 0x00, 0x3f, 0xff, 0xff, 
0xff, 0xff, 0xfe, 0x00, 0x00, 0xff, 0xff, 0xff, 0xff, 0xff, 0xff, 0x80, 0x00, 0x00, 0x00, 0xff, 
0xff, 0xff, 0xff, 0xff, 0xfe, 0x00, 0x00, 0xff, 0xff, 0xff, 0xff, 0xff, 0xff, 0xf0, 0x00, 0x00, 
0x07, 0xff, 0xff, 0xff, 0xff, 0xff, 0xfe, 0x00, 0x00, 0xff, 0xff, 0xff, 0xff, 0xff, 0xff, 0xff, 
0x00, 0x00, 0x7f, 0xff, 0xff, 0xff, 0xff, 0xff, 0xfe, 0x00, 0x00, 0xff, 0xff, 0xff, 0xff, 0xff, 
0xff, 0xff, 0xff, 0xff, 0xff, 0xff, 0xff, 0xff, 0xff, 0xff, 0xfe, 0x00, 0x00, 0xff, 0xff, 0xff, 
0xff, 0xff, 0xff, 0xff, 0xff, 0xff, 0xff, 0xff, 0xff, 0xff, 0xff, 0xff, 0xfe, 0x00, 0x00, 0xff, 
0xff, 0xff, 0xff, 0xff, 0xff, 0xff, 0xff, 0xff, 0xff, 0xff, 0xff, 0xff, 0xff, 0xff, 0xfe, 0x00, 
0x00, 0xff, 0xff, 0xff, 0xff, 0xff, 0xff, 0xff, 0xff, 0xff, 0xff, 0xff, 0xff, 0xff, 0xff, 0xff, 
0xfe, 0x00, 0x00, 0xff, 0xff, 0xff, 0xff, 0xff, 0xff, 0xff, 0xff, 0xff, 0xff, 0xff, 0xff, 0xff, 
0xff, 0xff, 0xfe, 0x00, 0x00, 0xff, 0xff, 0xff, 0xff, 0xff, 0xff, 0xff, 0xff, 0xff, 0xff, 0xff, 
0xff, 0xff, 0xff, 0xff, 0xfe, 0x00, 0x00, 0xff, 0xff, 0xff, 0xff, 0xff, 0xff, 0xff, 0xff, 0xff, 
0xff, 0xff, 0xff, 0xff, 0xff, 0xff, 0xfe, 0x00, 0x00, 0xff, 0xff, 0xff, 0xff, 0xff, 0xff, 0xff, 
0xff, 0xff, 0xff, 0xff, 0xff, 0xff, 0xff, 0xff, 0xfe, 0x00, 0x00, 0xff, 0xff, 0xff, 0xff, 0xff, 
0xff, 0xff, 0xff, 0xff, 0xff, 0xff, 0xff, 0xff, 0xff, 0xff, 0xfe, 0x00, 0x00, 0xff, 0xff, 0xff, 
0xff, 0xff, 0xff, 0xff, 0xff, 0xff, 0xff, 0xff, 0xff, 0xff, 0xff, 0xff, 0xfe, 0x00, 0x00, 0xff, 
0xff, 0xff, 0xff, 0xff, 0xff, 0xff, 0xff, 0xff, 0xff, 0xff, 0xff, 0xff, 0xff, 0xff, 0xfe, 0x00, 
0x00, 0xff, 0xff, 0xff, 0xff, 0xff, 0xff, 0xff, 0xff, 0xff, 0xff, 0xff, 0xff, 0xff, 0xff, 0xff, 
0xfe, 0x00, 0x00, 0xff, 0xff, 0xff, 0xff, 0xff, 0xff, 0xff, 0xff, 0xff, 0xff, 0xff, 0xff, 0xff, 
0xff, 0xff, 0xfe, 0x00, 0x00, 0xe0, 0x03, 0xc0, 0x0e, 0x00, 0x1e, 0x00, 0x3e, 0x00, 0x38, 0x00, 
0xf0, 0x01, 0xc7, 0x80, 0x1e, 0x00, 0x00, 0xe0, 0x03, 0x80, 0x0e, 0x00, 0x0e, 0x00, 0x1c, 0x00, 
0x30, 0x00, 0xe0, 0x01, 0xc7, 0x00, 0x1e, 0x00, 0x00, 0xc0, 0x03, 0x00, 0x0e, 0x00, 0x0e, 0x00, 
0x1c, 0x00, 0x70, 0x01, 0xe0, 0x03, 0xc7, 0x00, 0x1e, 0x00, 0x00, 0xc7, 0xff, 0x0f, 0xfe, 0x1f, 
0x8e, 0x3f, 0x1c, 0x7f, 0xf1, 0xff, 0xe3, 0xff, 0xc6, 0x1f, 0xfe, 0x00, 0x00, 0xc7, 0xff, 0x0f, 
0xfe, 0x1f, 0x8e, 0x3f, 0x1c, 0x7f, 0xf1, 0xff, 0xe3, 0xff, 0xc6, 0x1f, 0xfe, 0x00, 0x00, 0xc7, 
0xff, 0x0f, 0xfe, 0x1f, 0x8e, 0x3f, 0x1c, 0x7f, 0xf1, 0xff, 0xe3, 0xff, 0xc6, 0x1f, 0xfe, 0x00, 
0x00, 0xc7, 0xff, 0x0f, 0xfe, 0x1f, 0x8e, 0x3f, 0x1c, 0x7f, 0xf1, 0xff, 0xe3, 0xff, 0xc6, 0x1f, 
0xfe, 0x00, 0x00, 0xc7, 0xff, 0x0f, 0xfe, 0x1f, 0x8e, 0x3f, 0x1c, 0x7f, 0xf0, 0xff, 0xe3, 0xff, 
0xc6, 0x1f, 0xfe, 0x00, 0x00, 0xc0, 0x07, 0x80, 0x1e, 0x1f, 0x8e, 0x3f, 0x1c, 0x00, 0xf0, 0x01, 
0xe0, 0x03, 0xc6, 0x00, 0x3e, 0x00, 0x00, 0xc0, 0x07, 0x80, 0x0e, 0x00, 0x0e, 0x00, 0x1c, 0x00, 
0xf8, 0x00, 0xe0, 0x01, 0xc6, 0x00, 0x3e, 0x00, 0x00, 0xc0, 0x07, 0xc0, 0x06, 0x00, 0x0e, 0x00, 
0x3c, 0x00, 0xfc, 0x00, 0xf0, 0x01, 0xc6, 0x00, 0x3e, 0x00, 0x00, 0xc7, 0xff, 0xff, 0x86, 0x00, 
0x1e, 0x00, 0x3c, 0x7f, 0xff, 0xf8, 0x7f, 0xf1, 0xc6, 0x1f, 0xfe, 0x00, 0x00, 0xc7, 0xff, 0xff, 
0xc6, 0x1f, 0xfe, 0x3c, 0x3c, 0x7f, 0xff, 0xf8, 0x7f, 0xf1, 0xc6, 0x1f, 0xfe, 0x00, 0x00, 0xc7, 
0xff, 0xff, 0xc6, 0x1f, 0xfe, 0x3e, 0x1c, 0x7f, 0xff, 0xf8, 0x7f, 0xf1, 0xc6, 0x1f, 0xfe, 0x00, 
0x00, 0xc7, 0xff, 0xff, 0xc6, 0x1f, 0xfe, 0x3f, 0x1c, 0x7f, 0xff, 0xf8, 0x7f, 0xf1, 0xc6, 0x1f, 
0xfe, 0x00, 0x00, 0xc7, 0xff, 0xff, 0xc6, 0x1f, 0xfe, 0x3f, 0x1c, 0x7f, 0xff, 0xf8, 0x7f, 0xf1, 
0xc6, 0x1f, 0xfe, 0x00, 0x00, 0xc3, 0xff, 0xff, 0x86, 0x1f, 0xfe, 0x3f, 0x1c, 0x7f, 0xff, 0xf8, 
0xff, 0xf1, 0xc6, 0x1f, 0xfe, 0x00, 0x00, 0xc0, 0x03, 0x00, 0x06, 0x1f, 0xfe, 0x3f, 0x0c, 0x00, 
0x30, 0x00, 0xe0, 0x01, 0xc6, 0x1f, 0xfe, 0x00, 0x00, 0xe0, 0x03, 0x00, 0x0e, 0x1f, 0xfe, 0x3f, 
0x0c, 0x00, 0x30, 0x00, 0xe0, 0x01, 0xc6, 0x1f, 0xfe, 0x00, 0x00, 0xf0, 0x03, 0x00, 0x1e, 0x1f, 
0xfe, 0x3f, 0x8f, 0x00, 0x30, 0x01, 0xe0, 0x07, 0xc6, 0x1f, 0xfe, 0x00, 0x00, 0xff, 0xff, 0xff, 
0xff, 0xff, 0xff, 0xff, 0xff, 0xff, 0xff, 0xff, 0xff, 0xff, 0xff, 0xff, 0xfe, 0x00, 0x00, 0x00, 
0x00, 0x00, 0x00, 0x00, 0x00, 0x00, 0x00, 0x00, 0x00, 0x00, 0x00, 0x00, 0x00, 0x00, 0x00, 0x00, 
0x00, 0x00, 0x00, 0x00, 0x00, 0x00, 0x00, 0x00, 0x00, 0x00, 0x00, 0x00, 0x00, 0x00, 0x00, 0x00, 
0x00, 0x00, 0x00, 0x00, 0x00, 0x00, 0x00, 0x00, 0x00, 0x00, 0x00, 0x00, 0x00, 0x00, 0x00, 0x00, 
0x00, 0x00, 0x00, 0x00, 0x00, 0x00, 0x00, 0x00, 0x00, 0x00, 0x00, 0x00, 0x00, 0x00, 0x00, 0x00, 
0x00, 0x00, 0x00, 0x00, 0x00, 0x00, 0x00, 0x00, 0x00, 0x00, 0x00, 0x00, 0x00, 0x00, 0x00, 0x00, 
0x00, 0x00, 0x00, 0x00, 0x00, 0x00, 0x00, 0x00, 0x00, 0x00, 0x00, 0x00, 0x00, 0x00, 0x00, 0x00, 
0x00, 0x00, 0x00, 0x00, 0x00, 0x00, 0x00, 0x00, 0x00, 0x00, 0x00, 0x00, 0x00, 0x00, 0x00, 0x00, 
0x00, 0x00, 0x00, 0x00, 0x00, 0x00, 0x00, 0x00, 0x00, 0x00, 0x00, 0x00, 0x00, 0x00, 0x00, 0x00, 
0x00, 0x00, 0x00, 0x00, 0x00, 0x00, 0x00, 0x00, 0x00, 0x00, 0x00, 0x00, 0x00, 0x00

};